INSERT INTO Buyu.yt_create_cfg (id, coin, vip, reward, modify_diamond, tm, life)
VALUES (1, 3000000, 0, 0, 100, '2019-05-29 00:00:00', 7);

INSERT INTO Buyu.ylc_cfg (id, gameId, vipLimit, levelLimit) VALUES (1, 2, 0, 20);
INSERT INTO Buyu.ylc_cfg (id, gameId, vipLimit, levelLimit) VALUES (2, 3, 0, 10);
INSERT INTO Buyu.ylc_cfg (id, gameId, vipLimit, levelLimit) VALUES (3, 4, 0, 0);

INSERT INTO Buyu.wg_usr_cfg (id, vip, count, tp) VALUES (1, 0, 1, 1);
INSERT INTO Buyu.wg_usr_cfg (id, vip, count, tp) VALUES (2, 1, 50, 1);
INSERT INTO Buyu.wg_usr_cfg (id, vip, count, tp) VALUES (3, 2, 100, 1);
INSERT INTO Buyu.wg_usr_cfg (id, vip, count, tp) VALUES (4, 3, 500, 1);
INSERT INTO Buyu.wg_usr_cfg (id, vip, count, tp) VALUES (5, 4, 1000, 1);
INSERT INTO Buyu.wg_usr_cfg (id, vip, count, tp) VALUES (6, 5, 2000, 1);
INSERT INTO Buyu.wg_usr_cfg (id, vip, count, tp) VALUES (7, 6, 5000, 1);
INSERT INTO Buyu.wg_usr_cfg (id, vip, count, tp) VALUES (8, 7, 10000, 1);
INSERT INTO Buyu.wg_usr_cfg (id, vip, count, tp) VALUES (9, 8, 20000, 1);
INSERT INTO Buyu.wg_usr_cfg (id, vip, count, tp) VALUES (10, 9, 50000, 1);
INSERT INTO Buyu.wg_usr_cfg (id, vip, count, tp) VALUES (11, 10, 100000, 1);

INSERT INTO Buyu.wg_cost_cfg (id, cost, cnt, gametype) VALUES (1, 10, 1, 1);
INSERT INTO Buyu.wg_cost_cfg (id, cost, cnt, gametype) VALUES (2, 100, 10, 10);

INSERT INTO Buyu.wg_buylb_cfg (id, price, points) VALUES (1, 1000000, 10);

INSERT INTO Buyu.web_config (id, xchg_rate) VALUES (1, 10000);

INSERT INTO Buyu.wares_cfg (wares_id, wares_type, first_pay, price, discount, coin, first_reward_coin, diamond, first_reward_diamond, room_ids, countdown, ext_value, info) VALUES ('10', 1, 8, 98, 0, 980000, 980000, 0, 0, 0, 0, 588000, '98元金币');
INSERT INTO Buyu.wares_cfg (wares_id, wares_type, first_pay, price, discount, coin, first_reward_coin, diamond, first_reward_diamond, room_ids, countdown, ext_value, info) VALUES ('101', 2, 65536, 6, 0, 0, 0, 60, 60, 0, 0, 48, '6元钻石');
INSERT INTO Buyu.wares_cfg (wares_id, wares_type, first_pay, price, discount, coin, first_reward_coin, diamond, first_reward_diamond, room_ids, countdown, ext_value, info) VALUES ('102', 2, 131072, 12, 0, 0, 0, 120, 120, 0, 0, 96, '12元钻石');
INSERT INTO Buyu.wares_cfg (wares_id, wares_type, first_pay, price, discount, coin, first_reward_coin, diamond, first_reward_diamond, room_ids, countdown, ext_value, info) VALUES ('103', 2, 262144, 30, 0, 0, 0, 300, 300, 0, 0, 240, '30元钻石');
INSERT INTO Buyu.wares_cfg (wares_id, wares_type, first_pay, price, discount, coin, first_reward_coin, diamond, first_reward_diamond, room_ids, countdown, ext_value, info) VALUES ('104', 2, 524288, 98, 0, 0, 0, 980, 980, 0, 0, 784, '98元钻石');
INSERT INTO Buyu.wares_cfg (wares_id, wares_type, first_pay, price, discount, coin, first_reward_coin, diamond, first_reward_diamond, room_ids, countdown, ext_value, info) VALUES ('105', 2, 1048576, 198, 0, 0, 0, 1980, 1980, 0, 0, 1584, '198元钻石');
INSERT INTO Buyu.wares_cfg (wares_id, wares_type, first_pay, price, discount, coin, first_reward_coin, diamond, first_reward_diamond, room_ids, countdown, ext_value, info) VALUES ('106', 2, 2097152, 648, 0, 0, 0, 6480, 6480, 0, 0, 5184, '648元钻石');
INSERT INTO Buyu.wares_cfg (wares_id, wares_type, first_pay, price, discount, coin, first_reward_coin, diamond, first_reward_diamond, room_ids, countdown, ext_value, info) VALUES ('11', 1, 16, 198, 0, 1980000, 1980000, 0, 0, 0, 0, 1188000, '198元金币');
INSERT INTO Buyu.wares_cfg (wares_id, wares_type, first_pay, price, discount, coin, first_reward_coin, diamond, first_reward_diamond, room_ids, countdown, ext_value, info) VALUES ('12', 1, 32, 648, 0, 6480000, 6480000, 0, 0, 0, 0, 3888000, '648元金币');
INSERT INTO Buyu.wares_cfg (wares_id, wares_type, first_pay, price, discount, coin, first_reward_coin, diamond, first_reward_diamond, room_ids, countdown, ext_value, info) VALUES ('200', 11, 0, 50, 0, 1000000, 0, 0, 0, 0, 0, 0, '推广员50元金币');
INSERT INTO Buyu.wares_cfg (wares_id, wares_type, first_pay, price, discount, coin, first_reward_coin, diamond, first_reward_diamond, room_ids, countdown, ext_value, info) VALUES ('201', 11, 0, 100, 0, 2000000, 0, 0, 0, 0, 0, 0, '推广员100元金币');
INSERT INTO Buyu.wares_cfg (wares_id, wares_type, first_pay, price, discount, coin, first_reward_coin, diamond, first_reward_diamond, room_ids, countdown, ext_value, info) VALUES ('202', 11, 0, 500, 0, 10000000, 0, 0, 0, 0, 0, 0, '推广员500元金币');
INSERT INTO Buyu.wares_cfg (wares_id, wares_type, first_pay, price, discount, coin, first_reward_coin, diamond, first_reward_diamond, room_ids, countdown, ext_value, info) VALUES ('203', 11, 0, 1000, 0, 20000000, 0, 0, 0, 0, 0, 0, '推广员1000元金币');
INSERT INTO Buyu.wares_cfg (wares_id, wares_type, first_pay, price, discount, coin, first_reward_coin, diamond, first_reward_diamond, room_ids, countdown, ext_value, info) VALUES ('204', 11, 0, 5000, 0, 100000000, 0, 0, 0, 0, 0, 0, '推广员5000元金币');
INSERT INTO Buyu.wares_cfg (wares_id, wares_type, first_pay, price, discount, coin, first_reward_coin, diamond, first_reward_diamond, room_ids, countdown, ext_value, info) VALUES ('7', 1, 1, 6, 0, 60000, 60000, 0, 0, 0, 0, 36000, '6元金币');
INSERT INTO Buyu.wares_cfg (wares_id, wares_type, first_pay, price, discount, coin, first_reward_coin, diamond, first_reward_diamond, room_ids, countdown, ext_value, info) VALUES ('8', 1, 2, 12, 0, 120000, 120000, 0, 0, 0, 0, 72000, '12元金币');
INSERT INTO Buyu.wares_cfg (wares_id, wares_type, first_pay, price, discount, coin, first_reward_coin, diamond, first_reward_diamond, room_ids, countdown, ext_value, info) VALUES ('9', 1, 4, 30, 0, 300000, 300000, 0, 0, 0, 0, 180000, '30元金币');
INSERT INTO Buyu.wares_cfg (wares_id, wares_type, first_pay, price, discount, coin, first_reward_coin, diamond, first_reward_diamond, room_ids, countdown, ext_value, info) VALUES ('alms1', 6, 0, 6, 0, 120000, 0, 0, 0, 0, 0, 0, '破产礼包1');
INSERT INTO Buyu.wares_cfg (wares_id, wares_type, first_pay, price, discount, coin, first_reward_coin, diamond, first_reward_diamond, room_ids, countdown, ext_value, info) VALUES ('alms12', 6, 0, 30, 0, 540000, 0, 0, 0, 0, 0, 0, '破产礼包3');
INSERT INTO Buyu.wares_cfg (wares_id, wares_type, first_pay, price, discount, coin, first_reward_coin, diamond, first_reward_diamond, room_ids, countdown, ext_value, info) VALUES ('alms120', 6, 0, 120, 0, 2160000, 0, 0, 0, 0, 0, 0, '破产礼包6');
INSERT INTO Buyu.wares_cfg (wares_id, wares_type, first_pay, price, discount, coin, first_reward_coin, diamond, first_reward_diamond, room_ids, countdown, ext_value, info) VALUES ('alms24', 6, 0, 50, 0, 900000, 0, 0, 0, 0, 0, 0, '破产礼包4');
INSERT INTO Buyu.wares_cfg (wares_id, wares_type, first_pay, price, discount, coin, first_reward_coin, diamond, first_reward_diamond, room_ids, countdown, ext_value, info) VALUES ('alms6', 6, 0, 10, 0, 180000, 0, 0, 0, 0, 0, 0, '破产礼包2');
INSERT INTO Buyu.wares_cfg (wares_id, wares_type, first_pay, price, discount, coin, first_reward_coin, diamond, first_reward_diamond, room_ids, countdown, ext_value, info) VALUES ('alms60', 6, 0, 80, 0, 1440000, 0, 0, 0, 0, 0, 0, '破产礼包5');
INSERT INTO Buyu.wares_cfg (wares_id, wares_type, first_pay, price, discount, coin, first_reward_coin, diamond, first_reward_diamond, room_ids, countdown, ext_value, info) VALUES ('lailai.fish.11', 1, 0, 30, 0, 300000, 0, 0, 0, 0, 0, 0, '苹果30元金币');
INSERT INTO Buyu.wares_cfg (wares_id, wares_type, first_pay, price, discount, coin, first_reward_coin, diamond, first_reward_diamond, room_ids, countdown, ext_value, info) VALUES ('lailai.fish.22', 1, 0, 50, 0, 500000, 0, 0, 0, 0, 0, 0, '苹果50元金币');
INSERT INTO Buyu.wares_cfg (wares_id, wares_type, first_pay, price, discount, coin, first_reward_coin, diamond, first_reward_diamond, room_ids, countdown, ext_value, info) VALUES ('lailai.fish.33', 1, 0, 88, 0, 880000, 0, 0, 0, 0, 0, 0, '苹果88元金币');
INSERT INTO Buyu.wares_cfg (wares_id, wares_type, first_pay, price, discount, coin, first_reward_coin, diamond, first_reward_diamond, room_ids, countdown, ext_value, info) VALUES ('lailai.fish.44', 1, 0, 128, 0, 1280000, 0, 0, 0, 0, 0, 0, '苹果128元金币');
INSERT INTO Buyu.wares_cfg (wares_id, wares_type, first_pay, price, discount, coin, first_reward_coin, diamond, first_reward_diamond, room_ids, countdown, ext_value, info) VALUES ('lailai.fish.55', 1, 0, 158, 0, 1580000, 0, 0, 0, 0, 0, 0, '苹果158元金币');
INSERT INTO Buyu.wares_cfg (wares_id, wares_type, first_pay, price, discount, coin, first_reward_coin, diamond, first_reward_diamond, room_ids, countdown, ext_value, info) VALUES ('lailai.fish.66', 1, 0, 198, 0, 1980000, 0, 0, 0, 0, 0, 0, '苹果198元金币');
INSERT INTO Buyu.wares_cfg (wares_id, wares_type, first_pay, price, discount, coin, first_reward_coin, diamond, first_reward_diamond, room_ids, countdown, ext_value, info) VALUES ('lailai.fish.diamond.1', 2, 0, 30, 0, 0, 0, 30, 0, 0, 0, 0, '苹果30元钻石');
INSERT INTO Buyu.wares_cfg (wares_id, wares_type, first_pay, price, discount, coin, first_reward_coin, diamond, first_reward_diamond, room_ids, countdown, ext_value, info) VALUES ('lailai.fish.diamond.2', 2, 0, 50, 0, 0, 0, 50, 0, 0, 0, 0, '苹果50元钻石');
INSERT INTO Buyu.wares_cfg (wares_id, wares_type, first_pay, price, discount, coin, first_reward_coin, diamond, first_reward_diamond, room_ids, countdown, ext_value, info) VALUES ('lailai.fish.diamond.3', 2, 0, 88, 0, 0, 0, 88, 0, 0, 0, 0, '苹果88元钻石');
INSERT INTO Buyu.wares_cfg (wares_id, wares_type, first_pay, price, discount, coin, first_reward_coin, diamond, first_reward_diamond, room_ids, countdown, ext_value, info) VALUES ('lailai.fish.diamond.4', 2, 0, 128, 0, 0, 0, 128, 0, 0, 0, 0, '苹果128元钻石');
INSERT INTO Buyu.wares_cfg (wares_id, wares_type, first_pay, price, discount, coin, first_reward_coin, diamond, first_reward_diamond, room_ids, countdown, ext_value, info) VALUES ('lailai.fish.diamond.5', 2, 0, 158, 0, 0, 0, 158, 0, 0, 0, 0, '苹果158元钻石');
INSERT INTO Buyu.wares_cfg (wares_id, wares_type, first_pay, price, discount, coin, first_reward_coin, diamond, first_reward_diamond, room_ids, countdown, ext_value, info) VALUES ('lailai.fish.diamond.6', 2, 0, 198, 0, 0, 0, 198, 0, 0, 0, 0, '苹果188元钻石');
INSERT INTO Buyu.wares_cfg (wares_id, wares_type, first_pay, price, discount, coin, first_reward_coin, diamond, first_reward_diamond, room_ids, countdown, ext_value, info) VALUES ('lailai.fish.pkgfort', 8, 536870912, 198, 0, 3600000, 0, 0, 0, 0, 0, 0, '炮倍礼包');
INSERT INTO Buyu.wares_cfg (wares_id, wares_type, first_pay, price, discount, coin, first_reward_coin, diamond, first_reward_diamond, room_ids, countdown, ext_value, info) VALUES ('lailai.fish.sevenday', 4, 0, 12, 0, 20000, 0, 10, 0, 0, 0, 0, '周卡');
INSERT INTO Buyu.wares_cfg (wares_id, wares_type, first_pay, price, discount, coin, first_reward_coin, diamond, first_reward_diamond, room_ids, countdown, ext_value, info) VALUES ('lailai.fish.thirtyday', 4, 1073741824, 50, 35, 20000, 0, 0, 0, 0, 0, 0, '月卡');
INSERT INTO Buyu.wares_cfg (wares_id, wares_type, first_pay, price, discount, coin, first_reward_coin, diamond, first_reward_diamond, room_ids, countdown, ext_value, info) VALUES ('pkg128', 5, 0, 128, 0, 2360000, 0, 880, 0, 8, 0, 0, '128元限购礼包');
INSERT INTO Buyu.wares_cfg (wares_id, wares_type, first_pay, price, discount, coin, first_reward_coin, diamond, first_reward_diamond, room_ids, countdown, ext_value, info) VALUES ('pkg18', 5, 0, 18, 0, 320000, 0, 200, 0, 1, 600, 0, '18元限购礼包');
INSERT INTO Buyu.wares_cfg (wares_id, wares_type, first_pay, price, discount, coin, first_reward_coin, diamond, first_reward_diamond, room_ids, countdown, ext_value, info) VALUES ('pkg198', 5, 0, 198, 0, 3600000, 0, 1400, 0, 8, 0, 0, '198元限购礼包');
INSERT INTO Buyu.wares_cfg (wares_id, wares_type, first_pay, price, discount, coin, first_reward_coin, diamond, first_reward_diamond, room_ids, countdown, ext_value, info) VALUES ('pkg30', 5, 0, 30, 0, 540000, 0, 350, 0, 3, 600, 0, '30元限购礼包');
INSERT INTO Buyu.wares_cfg (wares_id, wares_type, first_pay, price, discount, coin, first_reward_coin, diamond, first_reward_diamond, room_ids, countdown, ext_value, info) VALUES ('pkg68', 5, 0, 68, 0, 1260000, 0, 800, 0, 2, 600, 0, '68元限购礼包');
INSERT INTO Buyu.wares_cfg (wares_id, wares_type, first_pay, price, discount, coin, first_reward_coin, diamond, first_reward_diamond, room_ids, countdown, ext_value, info) VALUES ('pkg98', 5, 0, 98, 0, 1800000, 0, 600, 0, 6, 600, 0, '98元限购礼包');
INSERT INTO Buyu.wares_cfg (wares_id, wares_type, first_pay, price, discount, coin, first_reward_coin, diamond, first_reward_diamond, room_ids, countdown, ext_value, info) VALUES ('pkgnewbie', 7, 268435456, 5, 0, 100000, 0, 50, 0, 0, 0, 0, '新手礼包');
INSERT INTO Buyu.wares_cfg (wares_id, wares_type, first_pay, price, discount, coin, first_reward_coin, diamond, first_reward_diamond, room_ids, countdown, ext_value, info) VALUES ('tx10', 3, 0, -10, 0, 0, 0, 0, 0, 0, 0, 0, '10元红包兑换');
INSERT INTO Buyu.wares_cfg (wares_id, wares_type, first_pay, price, discount, coin, first_reward_coin, diamond, first_reward_diamond, room_ids, countdown, ext_value, info) VALUES ('tx100', 3, 0, -100, 0, 0, 0, 0, 0, 0, 0, 0, '100元红包兑换');
INSERT INTO Buyu.wares_cfg (wares_id, wares_type, first_pay, price, discount, coin, first_reward_coin, diamond, first_reward_diamond, room_ids, countdown, ext_value, info) VALUES ('tx2', 3, 0, -2, 0, 0, 0, 0, 0, 0, 0, 0, '2元红包兑换');
INSERT INTO Buyu.wares_cfg (wares_id, wares_type, first_pay, price, discount, coin, first_reward_coin, diamond, first_reward_diamond, room_ids, countdown, ext_value, info) VALUES ('tx20', 3, 0, -20, 0, 0, 0, 0, 0, 0, 0, 0, '20元红包兑换');
INSERT INTO Buyu.wares_cfg (wares_id, wares_type, first_pay, price, discount, coin, first_reward_coin, diamond, first_reward_diamond, room_ids, countdown, ext_value, info) VALUES ('tx5', 3, 0, -5, 0, 0, 0, 0, 0, 0, 0, 0, '5元红包兑换');
INSERT INTO Buyu.wares_cfg (wares_id, wares_type, first_pay, price, discount, coin, first_reward_coin, diamond, first_reward_diamond, room_ids, countdown, ext_value, info) VALUES ('tx50', 3, 0, -50, 0, 0, 0, 0, 0, 0, 0, 0, '50元红包兑换');
INSERT INTO Buyu.wares_cfg (wares_id, wares_type, first_pay, price, discount, coin, first_reward_coin, diamond, first_reward_diamond, room_ids, countdown, ext_value, info) VALUES ('vip10', 10, 0, 50, 0, 1100000, 0, 0, 0, 0, 0, 0, 'VIP10特权礼包');
INSERT INTO Buyu.wares_cfg (wares_id, wares_type, first_pay, price, discount, coin, first_reward_coin, diamond, first_reward_diamond, room_ids, countdown, ext_value, info) VALUES ('vip5', 10, 0, 6, 0, 120000, 0, 0, 0, 0, 0, 0, 'VIP5特权礼包');
INSERT INTO Buyu.wares_cfg (wares_id, wares_type, first_pay, price, discount, coin, first_reward_coin, diamond, first_reward_diamond, room_ids, countdown, ext_value, info) VALUES ('vip6', 10, 0, 12, 0, 240000, 0, 0, 0, 0, 0, 0, 'VIP6特权礼包');
INSERT INTO Buyu.wares_cfg (wares_id, wares_type, first_pay, price, discount, coin, first_reward_coin, diamond, first_reward_diamond, room_ids, countdown, ext_value, info) VALUES ('vip7', 10, 0, 30, 0, 600000, 0, 0, 0, 0, 0, 0, 'VIP7特权礼包');
INSERT INTO Buyu.wares_cfg (wares_id, wares_type, first_pay, price, discount, coin, first_reward_coin, diamond, first_reward_diamond, room_ids, countdown, ext_value, info) VALUES ('vip8', 10, 0, 30, 0, 630000, 0, 0, 0, 0, 0, 0, 'VIP8特权礼包');
INSERT INTO Buyu.wares_cfg (wares_id, wares_type, first_pay, price, discount, coin, first_reward_coin, diamond, first_reward_diamond, room_ids, countdown, ext_value, info) VALUES ('vip9', 10, 0, 50, 0, 1050000, 0, 0, 0, 0, 0, 0, 'VIP9特权礼包');

INSERT INTO Buyu.vip_gift_cfg (id, vip, gift_type, gift_count, once) VALUES (1, 1, 21, -1, 1);
INSERT INTO Buyu.vip_gift_cfg (id, vip, gift_type, gift_count, once) VALUES (2, 2, 22, -1, 1);
INSERT INTO Buyu.vip_gift_cfg (id, vip, gift_type, gift_count, once) VALUES (3, 3, 23, -1, 1);
INSERT INTO Buyu.vip_gift_cfg (id, vip, gift_type, gift_count, once) VALUES (4, 4, 24, -1, 1);
INSERT INTO Buyu.vip_gift_cfg (id, vip, gift_type, gift_count, once) VALUES (5, 5, 25, -1, 1);
INSERT INTO Buyu.vip_gift_cfg (id, vip, gift_type, gift_count, once) VALUES (6, 6, 33, -1, 1);
INSERT INTO Buyu.vip_gift_cfg (id, vip, gift_type, gift_count, once) VALUES (7, 7, 26, -1, 1);
INSERT INTO Buyu.vip_gift_cfg (id, vip, gift_type, gift_count, once) VALUES (8, 1, 15, 10, 1);
INSERT INTO Buyu.vip_gift_cfg (id, vip, gift_type, gift_count, once) VALUES (9, 2, 15, 20, 1);
INSERT INTO Buyu.vip_gift_cfg (id, vip, gift_type, gift_count, once) VALUES (10, 3, 15, 30, 1);
INSERT INTO Buyu.vip_gift_cfg (id, vip, gift_type, gift_count, once) VALUES (11, 4, 15, 40, 1);
INSERT INTO Buyu.vip_gift_cfg (id, vip, gift_type, gift_count, once) VALUES (12, 5, 15, 50, 1);
INSERT INTO Buyu.vip_gift_cfg (id, vip, gift_type, gift_count, once) VALUES (13, 6, 15, 60, 1);
INSERT INTO Buyu.vip_gift_cfg (id, vip, gift_type, gift_count, once) VALUES (14, 7, 15, 70, 1);
INSERT INTO Buyu.vip_gift_cfg (id, vip, gift_type, gift_count, once) VALUES (15, 1, 16, 10, 1);
INSERT INTO Buyu.vip_gift_cfg (id, vip, gift_type, gift_count, once) VALUES (16, 2, 16, 20, 1);
INSERT INTO Buyu.vip_gift_cfg (id, vip, gift_type, gift_count, once) VALUES (17, 3, 16, 30, 1);
INSERT INTO Buyu.vip_gift_cfg (id, vip, gift_type, gift_count, once) VALUES (18, 4, 16, 40, 1);
INSERT INTO Buyu.vip_gift_cfg (id, vip, gift_type, gift_count, once) VALUES (19, 5, 16, 50, 1);
INSERT INTO Buyu.vip_gift_cfg (id, vip, gift_type, gift_count, once) VALUES (20, 6, 16, 60, 1);
INSERT INTO Buyu.vip_gift_cfg (id, vip, gift_type, gift_count, once) VALUES (21, 7, 16, 70, 1);
INSERT INTO Buyu.vip_gift_cfg (id, vip, gift_type, gift_count, once) VALUES (22, 1, 11, 10, 1);
INSERT INTO Buyu.vip_gift_cfg (id, vip, gift_type, gift_count, once) VALUES (23, 2, 12, 1, 1);
INSERT INTO Buyu.vip_gift_cfg (id, vip, gift_type, gift_count, once) VALUES (24, 3, 12, 2, 1);
INSERT INTO Buyu.vip_gift_cfg (id, vip, gift_type, gift_count, once) VALUES (25, 4, 12, 2, 1);
INSERT INTO Buyu.vip_gift_cfg (id, vip, gift_type, gift_count, once) VALUES (26, 5, 12, 3, 1);
INSERT INTO Buyu.vip_gift_cfg (id, vip, gift_type, gift_count, once) VALUES (27, 6, 12, 3, 1);
INSERT INTO Buyu.vip_gift_cfg (id, vip, gift_type, gift_count, once) VALUES (28, 7, 12, 5, 1);
INSERT INTO Buyu.vip_gift_cfg (id, vip, gift_type, gift_count, once) VALUES (29, 4, 17, 5, 0);
INSERT INTO Buyu.vip_gift_cfg (id, vip, gift_type, gift_count, once) VALUES (30, 5, 17, 10, 0);
INSERT INTO Buyu.vip_gift_cfg (id, vip, gift_type, gift_count, once) VALUES (31, 6, 17, 15, 0);
INSERT INTO Buyu.vip_gift_cfg (id, vip, gift_type, gift_count, once) VALUES (32, 7, 17, 20, 0);
INSERT INTO Buyu.vip_gift_cfg (id, vip, gift_type, gift_count, once) VALUES (33, 4, 18, 5, 0);
INSERT INTO Buyu.vip_gift_cfg (id, vip, gift_type, gift_count, once) VALUES (34, 5, 18, 10, 0);
INSERT INTO Buyu.vip_gift_cfg (id, vip, gift_type, gift_count, once) VALUES (35, 6, 18, 15, 0);
INSERT INTO Buyu.vip_gift_cfg (id, vip, gift_type, gift_count, once) VALUES (36, 7, 18, 20, 0);
INSERT INTO Buyu.vip_gift_cfg (id, vip, gift_type, gift_count, once) VALUES (37, 4, 15, 5, 0);
INSERT INTO Buyu.vip_gift_cfg (id, vip, gift_type, gift_count, once) VALUES (38, 5, 15, 10, 0);
INSERT INTO Buyu.vip_gift_cfg (id, vip, gift_type, gift_count, once) VALUES (39, 6, 15, 20, 0);
INSERT INTO Buyu.vip_gift_cfg (id, vip, gift_type, gift_count, once) VALUES (40, 7, 15, 30, 0);
INSERT INTO Buyu.vip_gift_cfg (id, vip, gift_type, gift_count, once) VALUES (41, 4, 16, 5, 0);
INSERT INTO Buyu.vip_gift_cfg (id, vip, gift_type, gift_count, once) VALUES (42, 5, 16, 10, 0);
INSERT INTO Buyu.vip_gift_cfg (id, vip, gift_type, gift_count, once) VALUES (43, 6, 16, 20, 0);
INSERT INTO Buyu.vip_gift_cfg (id, vip, gift_type, gift_count, once) VALUES (44, 7, 16, 30, 0);
INSERT INTO Buyu.vip_gift_cfg (id, vip, gift_type, gift_count, once) VALUES (45, 5, 12, 5, 0);
INSERT INTO Buyu.vip_gift_cfg (id, vip, gift_type, gift_count, once) VALUES (46, 6, 12, 10, 0);
INSERT INTO Buyu.vip_gift_cfg (id, vip, gift_type, gift_count, once) VALUES (47, 7, 12, 15, 0);
INSERT INTO Buyu.vip_gift_cfg (id, vip, gift_type, gift_count, once) VALUES (51, 8, 15, 80, 1);
INSERT INTO Buyu.vip_gift_cfg (id, vip, gift_type, gift_count, once) VALUES (52, 9, 15, 90, 1);
INSERT INTO Buyu.vip_gift_cfg (id, vip, gift_type, gift_count, once) VALUES (53, 10, 15, 100, 1);
INSERT INTO Buyu.vip_gift_cfg (id, vip, gift_type, gift_count, once) VALUES (54, 8, 16, 80, 1);
INSERT INTO Buyu.vip_gift_cfg (id, vip, gift_type, gift_count, once) VALUES (55, 9, 16, 90, 1);
INSERT INTO Buyu.vip_gift_cfg (id, vip, gift_type, gift_count, once) VALUES (56, 10, 16, 100, 1);
INSERT INTO Buyu.vip_gift_cfg (id, vip, gift_type, gift_count, once) VALUES (57, 8, 12, 8, 1);
INSERT INTO Buyu.vip_gift_cfg (id, vip, gift_type, gift_count, once) VALUES (58, 9, 12, 9, 1);
INSERT INTO Buyu.vip_gift_cfg (id, vip, gift_type, gift_count, once) VALUES (59, 10, 12, 10, 1);
INSERT INTO Buyu.vip_gift_cfg (id, vip, gift_type, gift_count, once) VALUES (63, 8, 17, 25, 0);
INSERT INTO Buyu.vip_gift_cfg (id, vip, gift_type, gift_count, once) VALUES (64, 9, 17, 30, 0);
INSERT INTO Buyu.vip_gift_cfg (id, vip, gift_type, gift_count, once) VALUES (65, 10, 17, 35, 0);
INSERT INTO Buyu.vip_gift_cfg (id, vip, gift_type, gift_count, once) VALUES (66, 8, 18, 25, 0);
INSERT INTO Buyu.vip_gift_cfg (id, vip, gift_type, gift_count, once) VALUES (67, 9, 18, 30, 0);
INSERT INTO Buyu.vip_gift_cfg (id, vip, gift_type, gift_count, once) VALUES (68, 10, 18, 35, 0);
INSERT INTO Buyu.vip_gift_cfg (id, vip, gift_type, gift_count, once) VALUES (69, 8, 15, 30, 0);
INSERT INTO Buyu.vip_gift_cfg (id, vip, gift_type, gift_count, once) VALUES (70, 9, 15, 30, 0);
INSERT INTO Buyu.vip_gift_cfg (id, vip, gift_type, gift_count, once) VALUES (71, 10, 15, 30, 0);
INSERT INTO Buyu.vip_gift_cfg (id, vip, gift_type, gift_count, once) VALUES (72, 8, 16, 40, 0);
INSERT INTO Buyu.vip_gift_cfg (id, vip, gift_type, gift_count, once) VALUES (73, 9, 16, 50, 0);
INSERT INTO Buyu.vip_gift_cfg (id, vip, gift_type, gift_count, once) VALUES (74, 10, 16, 60, 0);
INSERT INTO Buyu.vip_gift_cfg (id, vip, gift_type, gift_count, once) VALUES (75, 8, 12, 15, 0);
INSERT INTO Buyu.vip_gift_cfg (id, vip, gift_type, gift_count, once) VALUES (76, 9, 12, 15, 0);
INSERT INTO Buyu.vip_gift_cfg (id, vip, gift_type, gift_count, once) VALUES (77, 10, 12, 15, 0);
INSERT INTO Buyu.vip_gift_cfg (id, vip, gift_type, gift_count, once) VALUES (78, 8, 32, -1, 1);
INSERT INTO Buyu.vip_gift_cfg (id, vip, gift_type, gift_count, once) VALUES (79, 9, 30, -1, 1);
INSERT INTO Buyu.vip_gift_cfg (id, vip, gift_type, gift_count, once) VALUES (80, 10, 35, -1, 1);
INSERT INTO Buyu.vip_gift_cfg (id, vip, gift_type, gift_count, once) VALUES (81, 5, 10, 100000, 1);
INSERT INTO Buyu.vip_gift_cfg (id, vip, gift_type, gift_count, once) VALUES (82, 6, 10, 150000, 1);
INSERT INTO Buyu.vip_gift_cfg (id, vip, gift_type, gift_count, once) VALUES (83, 7, 10, 250000, 1);
INSERT INTO Buyu.vip_gift_cfg (id, vip, gift_type, gift_count, once) VALUES (84, 8, 10, 500000, 1);
INSERT INTO Buyu.vip_gift_cfg (id, vip, gift_type, gift_count, once) VALUES (85, 9, 10, 1500000, 1);
INSERT INTO Buyu.vip_gift_cfg (id, vip, gift_type, gift_count, once) VALUES (86, 10, 10, 5000000, 1);
INSERT INTO Buyu.vip_gift_cfg (id, vip, gift_type, gift_count, once) VALUES (87, 5, 10, 20000, 0);
INSERT INTO Buyu.vip_gift_cfg (id, vip, gift_type, gift_count, once) VALUES (88, 6, 10, 40000, 0);
INSERT INTO Buyu.vip_gift_cfg (id, vip, gift_type, gift_count, once) VALUES (89, 7, 10, 80000, 0);
INSERT INTO Buyu.vip_gift_cfg (id, vip, gift_type, gift_count, once) VALUES (90, 8, 10, 120000, 0);
INSERT INTO Buyu.vip_gift_cfg (id, vip, gift_type, gift_count, once) VALUES (91, 9, 10, 180000, 0);
INSERT INTO Buyu.vip_gift_cfg (id, vip, gift_type, gift_count, once) VALUES (92, 10, 10, 240000, 0);

INSERT INTO Buyu.uservip_cfg (vip, pay_coin) VALUES (1, 20);
INSERT INTO Buyu.uservip_cfg (vip, pay_coin) VALUES (2, 50);
INSERT INTO Buyu.uservip_cfg (vip, pay_coin) VALUES (3, 300);
INSERT INTO Buyu.uservip_cfg (vip, pay_coin) VALUES (4, 1000);
INSERT INTO Buyu.uservip_cfg (vip, pay_coin) VALUES (5, 2000);
INSERT INTO Buyu.uservip_cfg (vip, pay_coin) VALUES (6, 5000);
INSERT INTO Buyu.uservip_cfg (vip, pay_coin) VALUES (7, 10000);
INSERT INTO Buyu.uservip_cfg (vip, pay_coin) VALUES (8, 20000);
INSERT INTO Buyu.uservip_cfg (vip, pay_coin) VALUES (9, 50000);
INSERT INTO Buyu.uservip_cfg (vip, pay_coin) VALUES (10, 100000);

INSERT INTO Buyu.activities (id, title, endTime, sortNo, isEnabled) VALUES (1, '龙珠夺宝', '2020-12-20 09:19:57', 6, 0);
INSERT INTO Buyu.activities (id, title, endTime, sortNo, isEnabled) VALUES (2, '冲级大奖赛', '2019-01-23 00:00:00', 7, 0);
INSERT INTO Buyu.activities (id, title, endTime, sortNo, isEnabled) VALUES (3, '龙珠大奖池', '2020-12-31 09:19:57', 8, 0);
INSERT INTO Buyu.activities (id, title, endTime, sortNo, isEnabled) VALUES (4, '冲级大奖赛2', '2019-01-24 00:00:00', 4, 0);
INSERT INTO Buyu.activities (id, title, endTime, sortNo, isEnabled) VALUES (5, '钻石消耗', '2019-01-24 00:00:00', 5, 0);
INSERT INTO Buyu.activities (id, title, endTime, sortNo, isEnabled) VALUES (6, '分享有礼', '2118-09-28 00:00:00', 3, 1);
INSERT INTO Buyu.activities (id, title, endTime, sortNo, isEnabled) VALUES (7, '更新公告', '2100-04-30 00:00:00', 1, 1);
INSERT INTO Buyu.activities (id, title, endTime, sortNo, isEnabled) VALUES (8, '集福赢红包', '2019-09-11 00:00:00', 9, 1);
INSERT INTO Buyu.activities (id, title, endTime, sortNo, isEnabled) VALUES (9, '精彩瞬间', '2020-01-01 00:00:00', 10, 1);
INSERT INTO Buyu.activities (id, title, endTime, sortNo, isEnabled) VALUES (10, '赢红包', '2065-03-28 00:00:00', 2, 0);
INSERT INTO Buyu.activities (id, title, endTime, sortNo, isEnabled) VALUES (11, '鱼塘排位', '2019-12-31 00:00:00', 11, 0);
INSERT INTO Buyu.activities (id, title, endTime, sortNo, isEnabled) VALUES (12, '鱼货达人', '2019-12-31 00:00:00', 12, 0);
INSERT INTO Buyu.activities (id, title, endTime, sortNo, isEnabled) VALUES (13, '找回账号', '2019-09-01 00:00:00', 13, 0);
INSERT INTO Buyu.activities (id, title, endTime, sortNo, isEnabled) VALUES (14, '游戏推广', '2019-08-31 00:00:00', 14, 0);

INSERT INTO Buyu.alms_cfg (id, coin, count_down, wares_id, price, pay_coin) VALUES (2, 1000, 60, 'alms6', 10, 180000);
INSERT INTO Buyu.alms_cfg (id, coin, count_down, wares_id, price, pay_coin) VALUES (4, 1000, 120, 'alms24', 50, 900000);
INSERT INTO Buyu.alms_cfg (id, coin, count_down, wares_id, price, pay_coin) VALUES (6, 1000, 180, 'alms120', 120, 2160000);
INSERT INTO Buyu.alms_cfg (id, coin, count_down, wares_id, price, pay_coin) VALUES (3, 1000, 90, 'alms12', 30, 540000);
INSERT INTO Buyu.alms_cfg (id, coin, count_down, wares_id, price, pay_coin) VALUES (5, 1000, 150, 'alms60', 80, 1440000);
INSERT INTO Buyu.alms_cfg (id, coin, count_down, wares_id, price, pay_coin) VALUES (1, 1000, 30, 'alms1', 6, 120000);

INSERT INTO Buyu.contact (c1, c2, c3, c4, c5, c6, c7, c8, c9) VALUES ('微信公众号：随心捕鱼', '-----------------------------------------------------', '客服工作时间：10:00--22:00', '-----------------------------------------------------', '防骗提示：客服不会以任何方式主动联系您.', '-----------------------------------------------------', '公司主页：https://fanyu123.com', ' ', ' ');

INSERT INTO Buyu.fort_cfg (id, pkg_id, name, type, value) VALUES (1, 21, '龙息火炮', 1, 1);
INSERT INTO Buyu.fort_cfg (id, pkg_id, name, type, value) VALUES (2, 22, '蓝色狂乱', 1, 2);
INSERT INTO Buyu.fort_cfg (id, pkg_id, name, type, value) VALUES (3, 23, '邪能弩炮', 1, 3);
INSERT INTO Buyu.fort_cfg (id, pkg_id, name, type, value) VALUES (4, 24, '太阳之怒', 1, 4);
INSERT INTO Buyu.fort_cfg (id, pkg_id, name, type, value) VALUES (5, 25, '黑洞之眼', 1, 5);
INSERT INTO Buyu.fort_cfg (id, pkg_id, name, type, value) VALUES (6, 26, '宇宙湮灭', 1, 6);
INSERT INTO Buyu.fort_cfg (id, pkg_id, name, type, value) VALUES (7, 27, '赤色要塞', 2, 0);
INSERT INTO Buyu.fort_cfg (id, pkg_id, name, type, value) VALUES (8, 28, '金甲战神', 20, 1880000);
INSERT INTO Buyu.fort_cfg (id, pkg_id, name, type, value) VALUES (9, 29, '未来之翼', 24, 5880000);
INSERT INTO Buyu.fort_cfg (id, pkg_id, name, type, value) VALUES (10, 30, '紫晶之辉', 16, 2880000);
INSERT INTO Buyu.fort_cfg (id, pkg_id, name, type, value) VALUES (11, 31, '深海巨鲨', 16, 6880000);
INSERT INTO Buyu.fort_cfg (id, pkg_id, name, type, value) VALUES (12, 32, '皇家礼炮', 16, 1880000);
INSERT INTO Buyu.fort_cfg (id, pkg_id, name, type, value) VALUES (13, 33, '天空之城', 16, 2880000);
INSERT INTO Buyu.fort_cfg (id, pkg_id, name, type, value) VALUES (14, 34, '凤凰之击', 16, 8880000);
INSERT INTO Buyu.fort_cfg (id, pkg_id, name, type, value) VALUES (15, 35, '绿色军团', 16, 4880000);
INSERT INTO Buyu.fort_cfg (id, pkg_id, name, type, value) VALUES (16, 36, '钻石购买炮台1', 32, 3888);
INSERT INTO Buyu.fort_cfg (id, pkg_id, name, type, value) VALUES (17, 37, '钻石购买炮台2', 32, 4888);

INSERT INTO Buyu.fort_value_cfg (fort_value, diamond, coin) VALUES (10, 0, 0);
INSERT INTO Buyu.fort_value_cfg (fort_value, diamond, coin) VALUES (20, 1, 100);
INSERT INTO Buyu.fort_value_cfg (fort_value, diamond, coin) VALUES (30, 1, 100);
INSERT INTO Buyu.fort_value_cfg (fort_value, diamond, coin) VALUES (40, 2, 200);
INSERT INTO Buyu.fort_value_cfg (fort_value, diamond, coin) VALUES (50, 2, 200);
INSERT INTO Buyu.fort_value_cfg (fort_value, diamond, coin) VALUES (60, 3, 300);
INSERT INTO Buyu.fort_value_cfg (fort_value, diamond, coin) VALUES (70, 3, 300);
INSERT INTO Buyu.fort_value_cfg (fort_value, diamond, coin) VALUES (80, 3, 300);
INSERT INTO Buyu.fort_value_cfg (fort_value, diamond, coin) VALUES (90, 4, 400);
INSERT INTO Buyu.fort_value_cfg (fort_value, diamond, coin) VALUES (100, 4, 400);
INSERT INTO Buyu.fort_value_cfg (fort_value, diamond, coin) VALUES (200, 4, 500);
INSERT INTO Buyu.fort_value_cfg (fort_value, diamond, coin) VALUES (300, 6, 600);
INSERT INTO Buyu.fort_value_cfg (fort_value, diamond, coin) VALUES (400, 8, 700);
INSERT INTO Buyu.fort_value_cfg (fort_value, diamond, coin) VALUES (500, 10, 800);
INSERT INTO Buyu.fort_value_cfg (fort_value, diamond, coin) VALUES (600, 12, 900);
INSERT INTO Buyu.fort_value_cfg (fort_value, diamond, coin) VALUES (700, 14, 1000);
INSERT INTO Buyu.fort_value_cfg (fort_value, diamond, coin) VALUES (800, 16, 1100);
INSERT INTO Buyu.fort_value_cfg (fort_value, diamond, coin) VALUES (900, 18, 1200);
INSERT INTO Buyu.fort_value_cfg (fort_value, diamond, coin) VALUES (1000, 20, 1300);
INSERT INTO Buyu.fort_value_cfg (fort_value, diamond, coin) VALUES (2000, 30, 1500);
INSERT INTO Buyu.fort_value_cfg (fort_value, diamond, coin) VALUES (3000, 40, 1700);
INSERT INTO Buyu.fort_value_cfg (fort_value, diamond, coin) VALUES (4000, 50, 1900);
INSERT INTO Buyu.fort_value_cfg (fort_value, diamond, coin) VALUES (5000, 60, 2100);
INSERT INTO Buyu.fort_value_cfg (fort_value, diamond, coin) VALUES (6000, 70, 2300);
INSERT INTO Buyu.fort_value_cfg (fort_value, diamond, coin) VALUES (7000, 80, 2500);
INSERT INTO Buyu.fort_value_cfg (fort_value, diamond, coin) VALUES (8000, 90, 3000);
INSERT INTO Buyu.fort_value_cfg (fort_value, diamond, coin) VALUES (9000, 100, 4000);
INSERT INTO Buyu.fort_value_cfg (fort_value, diamond, coin) VALUES (10000, 100, 5000);
INSERT INTO Buyu.fort_value_cfg (fort_value, diamond, coin) VALUES (20000, 200, 10000);
INSERT INTO Buyu.fort_value_cfg (fort_value, diamond, coin) VALUES (30000, 300, 15000);
INSERT INTO Buyu.fort_value_cfg (fort_value, diamond, coin) VALUES (40000, 400, 20000);
INSERT INTO Buyu.fort_value_cfg (fort_value, diamond, coin) VALUES (50000, 500, 25000);

INSERT INTO Buyu.fu_cfg (id, cost, type, cnt) VALUES (1, 8, 16, 20);
INSERT INTO Buyu.fu_cfg (id, cost, type, cnt) VALUES (2, 28, 13, 168);
INSERT INTO Buyu.fu_cfg (id, cost, type, cnt) VALUES (3, 68, 32, 30);
INSERT INTO Buyu.fu_cfg (id, cost, type, cnt) VALUES (4, 88, 40, 180);
INSERT INTO Buyu.fu_cfg (id, cost, type, cnt) VALUES (5, 288, 10, 180000);
INSERT INTO Buyu.fu_cfg (id, cost, type, cnt) VALUES (6, 488, 43, 1);
INSERT INTO Buyu.fu_cfg (id, cost, type, cnt) VALUES (7, 888, 3, 1);
INSERT INTO Buyu.fu_cfg (id, cost, type, cnt) VALUES (8, 1688, 40, 8800);

INSERT INTO Buyu.gift_cfg (max_fee, switch, fee_rate, vip, level, vip_for_db1, id) VALUES (1000, 1, 0, 2, 0, 4, 1);

INSERT INTO Buyu.gift_pkg_cfg (id, wares_id, gift_type, gift_count, once, isvalid) VALUES (1, 'lailai.fish.sevenday', 10, 120000, 1, 1);
INSERT INTO Buyu.gift_pkg_cfg (id, wares_id, gift_type, gift_count, once, isvalid) VALUES (2, 'lailai.fish.sevenday', 10, 20000, 0, 1);
INSERT INTO Buyu.gift_pkg_cfg (id, wares_id, gift_type, gift_count, once, isvalid) VALUES (3, 'lailai.fish.sevenday', 13, 10, 0, 1);
INSERT INTO Buyu.gift_pkg_cfg (id, wares_id, gift_type, gift_count, once, isvalid) VALUES (5, 'lailai.fish.sevenday', 18, 2, 0, 1);
INSERT INTO Buyu.gift_pkg_cfg (id, wares_id, gift_type, gift_count, once, isvalid) VALUES (6, 'lailai.fish.sevenday', 17, 2, 0, 1);
INSERT INTO Buyu.gift_pkg_cfg (id, wares_id, gift_type, gift_count, once, isvalid) VALUES (7, 'lailai.fish.sevenday', 16, 5, 0, 1);
INSERT INTO Buyu.gift_pkg_cfg (id, wares_id, gift_type, gift_count, once, isvalid) VALUES (8, 'lailai.fish.thirtyday', 10, 400000, 1, 1);
INSERT INTO Buyu.gift_pkg_cfg (id, wares_id, gift_type, gift_count, once, isvalid) VALUES (9, 'lailai.fish.thirtyday', 10, 20000, 0, 1);
INSERT INTO Buyu.gift_pkg_cfg (id, wares_id, gift_type, gift_count, once, isvalid) VALUES (10, 'lailai.fish.thirtyday', 13, 20, 0, 1);
INSERT INTO Buyu.gift_pkg_cfg (id, wares_id, gift_type, gift_count, once, isvalid) VALUES (12, 'lailai.fish.thirtyday', 17, 10, 0, 1);
INSERT INTO Buyu.gift_pkg_cfg (id, wares_id, gift_type, gift_count, once, isvalid) VALUES (13, 'lailai.fish.thirtyday', 18, 10, 0, 1);
INSERT INTO Buyu.gift_pkg_cfg (id, wares_id, gift_type, gift_count, once, isvalid) VALUES (14, 'lailai.fish.thirtyday', 15, 5, 0, 1);
INSERT INTO Buyu.gift_pkg_cfg (id, wares_id, gift_type, gift_count, once, isvalid) VALUES (15, 'lailai.fish.thirtyday', 16, 10, 0, 1);
INSERT INTO Buyu.gift_pkg_cfg (id, wares_id, gift_type, gift_count, once, isvalid) VALUES (16, 'lailai.fish.thirtyday', 29, -1, 1, 1);
INSERT INTO Buyu.gift_pkg_cfg (id, wares_id, gift_type, gift_count, once, isvalid) VALUES (17, 'pkg18', 10, 320000, 1, 1);
INSERT INTO Buyu.gift_pkg_cfg (id, wares_id, gift_type, gift_count, once, isvalid) VALUES (18, 'pkg18', 13, 200, 1, 1);
INSERT INTO Buyu.gift_pkg_cfg (id, wares_id, gift_type, gift_count, once, isvalid) VALUES (19, 'pkg18', 15, 20, 1, 1);
INSERT INTO Buyu.gift_pkg_cfg (id, wares_id, gift_type, gift_count, once, isvalid) VALUES (20, 'pkg18', 16, 20, 1, 1);
INSERT INTO Buyu.gift_pkg_cfg (id, wares_id, gift_type, gift_count, once, isvalid) VALUES (21, 'pkg30', 10, 540000, 1, 1);
INSERT INTO Buyu.gift_pkg_cfg (id, wares_id, gift_type, gift_count, once, isvalid) VALUES (22, 'pkg30', 13, 350, 1, 1);
INSERT INTO Buyu.gift_pkg_cfg (id, wares_id, gift_type, gift_count, once, isvalid) VALUES (23, 'pkg30', 15, 30, 1, 1);
INSERT INTO Buyu.gift_pkg_cfg (id, wares_id, gift_type, gift_count, once, isvalid) VALUES (24, 'pkg30', 16, 40, 1, 1);
INSERT INTO Buyu.gift_pkg_cfg (id, wares_id, gift_type, gift_count, once, isvalid) VALUES (25, 'pkg68', 10, 1260000, 1, 1);
INSERT INTO Buyu.gift_pkg_cfg (id, wares_id, gift_type, gift_count, once, isvalid) VALUES (26, 'pkg68', 13, 800, 1, 1);
INSERT INTO Buyu.gift_pkg_cfg (id, wares_id, gift_type, gift_count, once, isvalid) VALUES (27, 'pkg68', 17, 20, 1, 1);
INSERT INTO Buyu.gift_pkg_cfg (id, wares_id, gift_type, gift_count, once, isvalid) VALUES (28, 'pkg68', 18, 20, 1, 1);
INSERT INTO Buyu.gift_pkg_cfg (id, wares_id, gift_type, gift_count, once, isvalid) VALUES (29, 'pkg68', 12, 1, 1, 1);
INSERT INTO Buyu.gift_pkg_cfg (id, wares_id, gift_type, gift_count, once, isvalid) VALUES (30, 'pkg98', 10, 1800000, 1, 1);
INSERT INTO Buyu.gift_pkg_cfg (id, wares_id, gift_type, gift_count, once, isvalid) VALUES (31, 'pkg98', 13, 600, 1, 1);
INSERT INTO Buyu.gift_pkg_cfg (id, wares_id, gift_type, gift_count, once, isvalid) VALUES (32, 'pkg98', 17, 30, 1, 1);
INSERT INTO Buyu.gift_pkg_cfg (id, wares_id, gift_type, gift_count, once, isvalid) VALUES (33, 'pkg98', 18, 30, 1, 1);
INSERT INTO Buyu.gift_pkg_cfg (id, wares_id, gift_type, gift_count, once, isvalid) VALUES (34, 'pkg98', 12, 2, 1, 1);
INSERT INTO Buyu.gift_pkg_cfg (id, wares_id, gift_type, gift_count, once, isvalid) VALUES (35, 'pkg128', 10, 2360000, 1, 1);
INSERT INTO Buyu.gift_pkg_cfg (id, wares_id, gift_type, gift_count, once, isvalid) VALUES (36, 'pkg128', 13, 880, 1, 1);
INSERT INTO Buyu.gift_pkg_cfg (id, wares_id, gift_type, gift_count, once, isvalid) VALUES (37, 'pkg128', 15, 50, 1, 1);
INSERT INTO Buyu.gift_pkg_cfg (id, wares_id, gift_type, gift_count, once, isvalid) VALUES (38, 'pkg128', 16, 100, 1, 1);
INSERT INTO Buyu.gift_pkg_cfg (id, wares_id, gift_type, gift_count, once, isvalid) VALUES (39, 'pkg128', 17, 50, 1, 1);
INSERT INTO Buyu.gift_pkg_cfg (id, wares_id, gift_type, gift_count, once, isvalid) VALUES (40, 'pkg128', 18, 50, 1, 1);
INSERT INTO Buyu.gift_pkg_cfg (id, wares_id, gift_type, gift_count, once, isvalid) VALUES (41, 'pkg128', 12, 1, 1, 1);
INSERT INTO Buyu.gift_pkg_cfg (id, wares_id, gift_type, gift_count, once, isvalid) VALUES (42, 'pkg198', 10, 3600000, 1, 1);
INSERT INTO Buyu.gift_pkg_cfg (id, wares_id, gift_type, gift_count, once, isvalid) VALUES (43, 'pkg198', 13, 1400, 1, 1);
INSERT INTO Buyu.gift_pkg_cfg (id, wares_id, gift_type, gift_count, once, isvalid) VALUES (44, 'pkg198', 15, 100, 1, 1);
INSERT INTO Buyu.gift_pkg_cfg (id, wares_id, gift_type, gift_count, once, isvalid) VALUES (45, 'pkg198', 16, 200, 1, 1);
INSERT INTO Buyu.gift_pkg_cfg (id, wares_id, gift_type, gift_count, once, isvalid) VALUES (46, 'pkg198', 17, 50, 1, 1);
INSERT INTO Buyu.gift_pkg_cfg (id, wares_id, gift_type, gift_count, once, isvalid) VALUES (47, 'pkg198', 18, 50, 1, 1);
INSERT INTO Buyu.gift_pkg_cfg (id, wares_id, gift_type, gift_count, once, isvalid) VALUES (48, 'pkg198', 12, 3, 1, 1);
INSERT INTO Buyu.gift_pkg_cfg (id, wares_id, gift_type, gift_count, once, isvalid) VALUES (49, 'pkgnewbie', 10, 100000, 1, 1);
INSERT INTO Buyu.gift_pkg_cfg (id, wares_id, gift_type, gift_count, once, isvalid) VALUES (50, 'pkgnewbie', 13, 50, 1, 1);
INSERT INTO Buyu.gift_pkg_cfg (id, wares_id, gift_type, gift_count, once, isvalid) VALUES (51, 'pkgnewbie', 15, 2, 1, 1);
INSERT INTO Buyu.gift_pkg_cfg (id, wares_id, gift_type, gift_count, once, isvalid) VALUES (52, 'pkgnewbie', 16, 2, 1, 1);
INSERT INTO Buyu.gift_pkg_cfg (id, wares_id, gift_type, gift_count, once, isvalid) VALUES (53, 'pkgnewbie', 28, -1, 1, 1);
INSERT INTO Buyu.gift_pkg_cfg (id, wares_id, gift_type, gift_count, once, isvalid) VALUES (54, 'lailai.fish.pkgfort', 10, 3600000, 1, 1);
INSERT INTO Buyu.gift_pkg_cfg (id, wares_id, gift_type, gift_count, once, isvalid) VALUES (55, 'lailai.fish.pkgfort', 99, 50000, 1, 1);
INSERT INTO Buyu.gift_pkg_cfg (id, wares_id, gift_type, gift_count, once, isvalid) VALUES (56, 'lailai.fish.pkgfort', 12, 5, 1, 1);
INSERT INTO Buyu.gift_pkg_cfg (id, wares_id, gift_type, gift_count, once, isvalid) VALUES (57, 'lailai.fish.sevenday', 99, 5000, 1, 1);
INSERT INTO Buyu.gift_pkg_cfg (id, wares_id, gift_type, gift_count, once, isvalid) VALUES (58, 'lailai.fish.thirtyday', 99, 50000, 1, 1);

INSERT INTO Buyu.growth_task_cfg (id, type, value, room_ids, gift_type, gift_count, tip, tip1, is_valid) VALUES (1, 1, 10, 143, 10, 500, '捕获10条鱼', '新手场，高级场，红包场', 1);
INSERT INTO Buyu.growth_task_cfg (id, type, value, room_ids, gift_type, gift_count, tip, tip1, is_valid) VALUES (2, 6, 10000, 143, 13, 10, '累计捕获10000金币', '新手场，高级场，红包场', 1);
INSERT INTO Buyu.growth_task_cfg (id, type, value, room_ids, gift_type, gift_count, tip, tip1, is_valid) VALUES (3, 6, 50000, 143, 10, 800, '累计捕获50000金币', '新手场，高级场，红包场', 1);
INSERT INTO Buyu.growth_task_cfg (id, type, value, room_ids, gift_type, gift_count, tip, tip1, is_valid) VALUES (4, 10, 1, 143, 13, 5, '使用双倍射速道具1次', '新手场，高级场，红包场', 1);
INSERT INTO Buyu.growth_task_cfg (id, type, value, room_ids, gift_type, gift_count, tip, tip1, is_valid) VALUES (5, 2, 4, 143, 16, 2, '人物等级到4级', '新手场，高级场，红包场', 1);
INSERT INTO Buyu.growth_task_cfg (id, type, value, room_ids, gift_type, gift_count, tip, tip1, is_valid) VALUES (6, 4, 1, 143, 10, 1000, '使用锁定道具1次数', '新手场，高级场，红包场', 1);
INSERT INTO Buyu.growth_task_cfg (id, type, value, room_ids, gift_type, gift_count, tip, tip1, is_valid) VALUES (7, 9, 1, 143, 13, 6, '使用双倍金币道具1次', '新手场，高级场，红包场', 1);
INSERT INTO Buyu.growth_task_cfg (id, type, value, room_ids, gift_type, gift_count, tip, tip1, is_valid) VALUES (8, 1, 100, 143, 19, 1, '捕获100条鱼', '新手场，高级场，红包场', 1);
INSERT INTO Buyu.growth_task_cfg (id, type, value, room_ids, gift_type, gift_count, tip, tip1, is_valid) VALUES (9, 2, 6, 143, 15, 2, '人物等级到6级', '新手场，高级场，红包场', 1);
INSERT INTO Buyu.growth_task_cfg (id, type, value, room_ids, gift_type, gift_count, tip, tip1, is_valid) VALUES (10, 5, 1, 143, 10, 1500, '使用冰冻道具1次数', '新手场，高级场，红包场', 1);
INSERT INTO Buyu.growth_task_cfg (id, type, value, room_ids, gift_type, gift_count, tip, tip1, is_valid) VALUES (11, 1, 100, 6, 34, 1, '捕获100条鱼', '新手场，高级场', 1);
INSERT INTO Buyu.growth_task_cfg (id, type, value, room_ids, gift_type, gift_count, tip, tip1, is_valid) VALUES (12, 6, 100000, 6, 13, 10, '累计捕获10万金币', '新手场，高级场', 1);
INSERT INTO Buyu.growth_task_cfg (id, type, value, room_ids, gift_type, gift_count, tip, tip1, is_valid) VALUES (13, 1, 200, 6, 10, 2000, '捕获200条鱼', '新手场，高级场', 1);
INSERT INTO Buyu.growth_task_cfg (id, type, value, room_ids, gift_type, gift_count, tip, tip1, is_valid) VALUES (14, 6, 500000, 6, 10, 2000, '累计捕获50万金币', '新手场，高级场', 1);
INSERT INTO Buyu.growth_task_cfg (id, type, value, room_ids, gift_type, gift_count, tip, tip1, is_valid) VALUES (15, 2, 15, 6, 10, 3000, '人物等级到15级', '新手场，高级场', 1);
INSERT INTO Buyu.growth_task_cfg (id, type, value, room_ids, gift_type, gift_count, tip, tip1, is_valid) VALUES (16, 1, 400, 6, 13, 30, '捕获400条鱼', '新手场，高级场', 1);
INSERT INTO Buyu.growth_task_cfg (id, type, value, room_ids, gift_type, gift_count, tip, tip1, is_valid) VALUES (17, 2, 20, 6, 13, 12, '人物等级到20级', '新手场，高级场', 1);
INSERT INTO Buyu.growth_task_cfg (id, type, value, room_ids, gift_type, gift_count, tip, tip1, is_valid) VALUES (18, 6, 1000000, 6, 13, 10, '累计捕获100万金币', '新手场，高级场', 1);
INSERT INTO Buyu.growth_task_cfg (id, type, value, room_ids, gift_type, gift_count, tip, tip1, is_valid) VALUES (19, 2, 25, 6, 10, 4000, '任务等级到25级', '新手场，高级场', 1);
INSERT INTO Buyu.growth_task_cfg (id, type, value, room_ids, gift_type, gift_count, tip, tip1, is_valid) VALUES (20, 6, 1500000, 12, 13, 16, '累计捕获150万金币', '高级场', 1);
INSERT INTO Buyu.growth_task_cfg (id, type, value, room_ids, gift_type, gift_count, tip, tip1, is_valid) VALUES (21, 7, 2, 12, 10, 5000, '捕获2条黄金海豹', '高级场', 1);
INSERT INTO Buyu.growth_task_cfg (id, type, value, room_ids, gift_type, gift_count, tip, tip1, is_valid) VALUES (22, 6, 2000000, 12, 10, 6000, '累计捕获200万金币', '高级场', 1);
INSERT INTO Buyu.growth_task_cfg (id, type, value, room_ids, gift_type, gift_count, tip, tip1, is_valid) VALUES (23, 8, 1, 12, 13, 20, '捕获1条BOSS', '高级场', 1);
INSERT INTO Buyu.growth_task_cfg (id, type, value, room_ids, gift_type, gift_count, tip, tip1, is_valid) VALUES (24, 6, 1000000, 12, 13, 50, '累计捕获100万金币', '高级场', 1);
INSERT INTO Buyu.growth_task_cfg (id, type, value, room_ids, gift_type, gift_count, tip, tip1, is_valid) VALUES (25, 6, 2000000, 12, 13, 100, '累计捕获200万金币', '高级场', 1);
INSERT INTO Buyu.growth_task_cfg (id, type, value, room_ids, gift_type, gift_count, tip, tip1, is_valid) VALUES (26, 6, 200000000, 12, 3, 1, '累计捕获2亿金币', '高级场', 1);

INSERT INTO Buyu.hbq_cfg (id, hbqid, val, probability) VALUES (1, 1, 10, 400);
INSERT INTO Buyu.hbq_cfg (id, hbqid, val, probability) VALUES (2, 1, 20, 300);
INSERT INTO Buyu.hbq_cfg (id, hbqid, val, probability) VALUES (3, 1, 30, 300);
INSERT INTO Buyu.hbq_cfg (id, hbqid, val, probability) VALUES (4, 2, 100, 400);
INSERT INTO Buyu.hbq_cfg (id, hbqid, val, probability) VALUES (5, 2, 200, 300);
INSERT INTO Buyu.hbq_cfg (id, hbqid, val, probability) VALUES (6, 2, 300, 300);
INSERT INTO Buyu.hbq_cfg (id, hbqid, val, probability) VALUES (7, 3, 600, 330);
INSERT INTO Buyu.hbq_cfg (id, hbqid, val, probability) VALUES (8, 3, 1200, 330);
INSERT INTO Buyu.hbq_cfg (id, hbqid, val, probability) VALUES (9, 3, 1800, 330);
INSERT INTO Buyu.hbq_cfg (id, hbqid, val, probability) VALUES (10, 3, 8800, 10);

INSERT INTO Buyu.hbq_dui_cfg (id, price, type, cnt) VALUES (1, 200, 41, 200);
INSERT INTO Buyu.hbq_dui_cfg (id, price, type, cnt) VALUES (2, 500, 41, 500);
INSERT INTO Buyu.hbq_dui_cfg (id, price, type, cnt) VALUES (3, 2000, 41, 2000);
INSERT INTO Buyu.hbq_dui_cfg (id, price, type, cnt) VALUES (4, 5000, 41, 5000);
INSERT INTO Buyu.hbq_dui_cfg (id, price, type, cnt) VALUES (5, 500, 10, 100000);
INSERT INTO Buyu.hbq_dui_cfg (id, price, type, cnt) VALUES (6, 5000, 10, 1000000);
INSERT INTO Buyu.hbq_dui_cfg (id, price, type, cnt) VALUES (7, 500, 13, 100);
INSERT INTO Buyu.hbq_dui_cfg (id, price, type, cnt) VALUES (8, 5000, 13, 1200);
INSERT INTO Buyu.hbq_dui_cfg (id, price, type, cnt) VALUES (9, 200, 10, 40000);

INSERT INTO Buyu.invite_cfg (id, inviterGift, inviteesGift, time) VALUES (1, 50000, 5000, '2019-01-30 11:26:02');

INSERT INTO Buyu.level_actCfg (sub_id, activity_id, level, gift_id, gift_cnt, total_cnt) VALUES (1, 2, 30, 1, 5, 0);
INSERT INTO Buyu.level_actCfg (sub_id, activity_id, level, gift_id, gift_cnt, total_cnt) VALUES (2, 2, 45, 1, 10, 0);
INSERT INTO Buyu.level_actCfg (sub_id, activity_id, level, gift_id, gift_cnt, total_cnt) VALUES (3, 2, 60, 1, 30, 0);
INSERT INTO Buyu.level_actCfg (sub_id, activity_id, level, gift_id, gift_cnt, total_cnt) VALUES (4, 2, 90, 1, 300, 1);
INSERT INTO Buyu.level_actCfg (sub_id, activity_id, level, gift_id, gift_cnt, total_cnt) VALUES (5, 2, 110, 1, 1000, 3);
INSERT INTO Buyu.level_actCfg (sub_id, activity_id, level, gift_id, gift_cnt, total_cnt) VALUES (6, 2, 130, 1, 3000, 1);

INSERT INTO Buyu.level_gift_cfg (id, level, gift_type, gift_count, once) VALUES (1, 1, 13, 4, 1);
INSERT INTO Buyu.level_gift_cfg (id, level, gift_type, gift_count, once) VALUES (2, 2, 10, 300, 1);
INSERT INTO Buyu.level_gift_cfg (id, level, gift_type, gift_count, once) VALUES (3, 3, 10, 300, 1);
INSERT INTO Buyu.level_gift_cfg (id, level, gift_type, gift_count, once) VALUES (4, 4, 10, 300, 1);
INSERT INTO Buyu.level_gift_cfg (id, level, gift_type, gift_count, once) VALUES (5, 5, 10, 300, 1);
INSERT INTO Buyu.level_gift_cfg (id, level, gift_type, gift_count, once) VALUES (6, 6, 10, 500, 1);
INSERT INTO Buyu.level_gift_cfg (id, level, gift_type, gift_count, once) VALUES (7, 7, 10, 500, 1);
INSERT INTO Buyu.level_gift_cfg (id, level, gift_type, gift_count, once) VALUES (8, 8, 10, 500, 1);
INSERT INTO Buyu.level_gift_cfg (id, level, gift_type, gift_count, once) VALUES (9, 9, 10, 500, 1);
INSERT INTO Buyu.level_gift_cfg (id, level, gift_type, gift_count, once) VALUES (10, 10, 10, 500, 1);
INSERT INTO Buyu.level_gift_cfg (id, level, gift_type, gift_count, once) VALUES (11, 11, 10, 1000, 1);
INSERT INTO Buyu.level_gift_cfg (id, level, gift_type, gift_count, once) VALUES (12, 12, 10, 1000, 1);
INSERT INTO Buyu.level_gift_cfg (id, level, gift_type, gift_count, once) VALUES (13, 13, 10, 1000, 1);
INSERT INTO Buyu.level_gift_cfg (id, level, gift_type, gift_count, once) VALUES (14, 14, 10, 1000, 1);
INSERT INTO Buyu.level_gift_cfg (id, level, gift_type, gift_count, once) VALUES (15, 15, 10, 1000, 1);
INSERT INTO Buyu.level_gift_cfg (id, level, gift_type, gift_count, once) VALUES (16, 16, 10, 1000, 1);
INSERT INTO Buyu.level_gift_cfg (id, level, gift_type, gift_count, once) VALUES (17, 17, 10, 1000, 1);
INSERT INTO Buyu.level_gift_cfg (id, level, gift_type, gift_count, once) VALUES (18, 18, 10, 1000, 1);
INSERT INTO Buyu.level_gift_cfg (id, level, gift_type, gift_count, once) VALUES (19, 19, 10, 1000, 1);
INSERT INTO Buyu.level_gift_cfg (id, level, gift_type, gift_count, once) VALUES (20, 20, 10, 2000, 1);
INSERT INTO Buyu.level_gift_cfg (id, level, gift_type, gift_count, once) VALUES (21, 21, 10, 2000, 1);
INSERT INTO Buyu.level_gift_cfg (id, level, gift_type, gift_count, once) VALUES (22, 22, 10, 2000, 1);
INSERT INTO Buyu.level_gift_cfg (id, level, gift_type, gift_count, once) VALUES (23, 23, 10, 2000, 1);
INSERT INTO Buyu.level_gift_cfg (id, level, gift_type, gift_count, once) VALUES (24, 24, 10, 2000, 1);
INSERT INTO Buyu.level_gift_cfg (id, level, gift_type, gift_count, once) VALUES (25, 25, 10, 2000, 1);
INSERT INTO Buyu.level_gift_cfg (id, level, gift_type, gift_count, once) VALUES (26, 26, 10, 2000, 1);
INSERT INTO Buyu.level_gift_cfg (id, level, gift_type, gift_count, once) VALUES (27, 27, 10, 2000, 1);
INSERT INTO Buyu.level_gift_cfg (id, level, gift_type, gift_count, once) VALUES (28, 28, 10, 2000, 1);
INSERT INTO Buyu.level_gift_cfg (id, level, gift_type, gift_count, once) VALUES (29, 29, 10, 5000, 1);
INSERT INTO Buyu.level_gift_cfg (id, level, gift_type, gift_count, once) VALUES (30, 30, 10, 5000, 1);
INSERT INTO Buyu.level_gift_cfg (id, level, gift_type, gift_count, once) VALUES (31, 31, 10, 5000, 1);
INSERT INTO Buyu.level_gift_cfg (id, level, gift_type, gift_count, once) VALUES (32, 32, 10, 5000, 1);
INSERT INTO Buyu.level_gift_cfg (id, level, gift_type, gift_count, once) VALUES (33, 33, 10, 5000, 1);
INSERT INTO Buyu.level_gift_cfg (id, level, gift_type, gift_count, once) VALUES (34, 34, 10, 5000, 1);
INSERT INTO Buyu.level_gift_cfg (id, level, gift_type, gift_count, once) VALUES (35, 35, 10, 5000, 1);
INSERT INTO Buyu.level_gift_cfg (id, level, gift_type, gift_count, once) VALUES (36, 36, 10, 5000, 1);
INSERT INTO Buyu.level_gift_cfg (id, level, gift_type, gift_count, once) VALUES (37, 37, 10, 5000, 1);
INSERT INTO Buyu.level_gift_cfg (id, level, gift_type, gift_count, once) VALUES (38, 38, 10, 5000, 1);
INSERT INTO Buyu.level_gift_cfg (id, level, gift_type, gift_count, once) VALUES (39, 39, 10, 5000, 1);
INSERT INTO Buyu.level_gift_cfg (id, level, gift_type, gift_count, once) VALUES (40, 40, 10, 5000, 1);
INSERT INTO Buyu.level_gift_cfg (id, level, gift_type, gift_count, once) VALUES (41, 41, 10, 10000, 1);
INSERT INTO Buyu.level_gift_cfg (id, level, gift_type, gift_count, once) VALUES (42, 42, 10, 10000, 1);
INSERT INTO Buyu.level_gift_cfg (id, level, gift_type, gift_count, once) VALUES (43, 43, 10, 10000, 1);
INSERT INTO Buyu.level_gift_cfg (id, level, gift_type, gift_count, once) VALUES (44, 44, 10, 10000, 1);
INSERT INTO Buyu.level_gift_cfg (id, level, gift_type, gift_count, once) VALUES (45, 45, 10, 10000, 1);
INSERT INTO Buyu.level_gift_cfg (id, level, gift_type, gift_count, once) VALUES (46, 46, 10, 10000, 1);
INSERT INTO Buyu.level_gift_cfg (id, level, gift_type, gift_count, once) VALUES (47, 47, 10, 10000, 1);
INSERT INTO Buyu.level_gift_cfg (id, level, gift_type, gift_count, once) VALUES (48, 48, 10, 10000, 1);
INSERT INTO Buyu.level_gift_cfg (id, level, gift_type, gift_count, once) VALUES (49, 49, 10, 10000, 1);
INSERT INTO Buyu.level_gift_cfg (id, level, gift_type, gift_count, once) VALUES (50, 50, 10, 10000, 1);
INSERT INTO Buyu.level_gift_cfg (id, level, gift_type, gift_count, once) VALUES (51, 51, 10, 20000, 1);
INSERT INTO Buyu.level_gift_cfg (id, level, gift_type, gift_count, once) VALUES (52, 52, 10, 20000, 1);
INSERT INTO Buyu.level_gift_cfg (id, level, gift_type, gift_count, once) VALUES (53, 53, 10, 20000, 1);
INSERT INTO Buyu.level_gift_cfg (id, level, gift_type, gift_count, once) VALUES (54, 54, 10, 20000, 1);
INSERT INTO Buyu.level_gift_cfg (id, level, gift_type, gift_count, once) VALUES (55, 55, 10, 20000, 1);
INSERT INTO Buyu.level_gift_cfg (id, level, gift_type, gift_count, once) VALUES (56, 56, 10, 20000, 1);
INSERT INTO Buyu.level_gift_cfg (id, level, gift_type, gift_count, once) VALUES (57, 57, 10, 20000, 1);
INSERT INTO Buyu.level_gift_cfg (id, level, gift_type, gift_count, once) VALUES (58, 58, 10, 20000, 1);
INSERT INTO Buyu.level_gift_cfg (id, level, gift_type, gift_count, once) VALUES (59, 59, 10, 20000, 1);
INSERT INTO Buyu.level_gift_cfg (id, level, gift_type, gift_count, once) VALUES (60, 60, 10, 20000, 1);
INSERT INTO Buyu.level_gift_cfg (id, level, gift_type, gift_count, once) VALUES (61, 2, 13, 5, 1);
INSERT INTO Buyu.level_gift_cfg (id, level, gift_type, gift_count, once) VALUES (62, 3, 13, 6, 1);
INSERT INTO Buyu.level_gift_cfg (id, level, gift_type, gift_count, once) VALUES (63, 4, 13, 6, 1);
INSERT INTO Buyu.level_gift_cfg (id, level, gift_type, gift_count, once) VALUES (64, 5, 13, 6, 1);
INSERT INTO Buyu.level_gift_cfg (id, level, gift_type, gift_count, once) VALUES (65, 6, 13, 6, 1);
INSERT INTO Buyu.level_gift_cfg (id, level, gift_type, gift_count, once) VALUES (66, 7, 13, 7, 1);
INSERT INTO Buyu.level_gift_cfg (id, level, gift_type, gift_count, once) VALUES (67, 8, 13, 7, 1);
INSERT INTO Buyu.level_gift_cfg (id, level, gift_type, gift_count, once) VALUES (68, 9, 13, 8, 1);
INSERT INTO Buyu.level_gift_cfg (id, level, gift_type, gift_count, once) VALUES (69, 10, 13, 8, 1);
INSERT INTO Buyu.level_gift_cfg (id, level, gift_type, gift_count, once) VALUES (70, 11, 13, 9, 1);
INSERT INTO Buyu.level_gift_cfg (id, level, gift_type, gift_count, once) VALUES (71, 12, 13, 9, 1);
INSERT INTO Buyu.level_gift_cfg (id, level, gift_type, gift_count, once) VALUES (72, 13, 13, 10, 1);
INSERT INTO Buyu.level_gift_cfg (id, level, gift_type, gift_count, once) VALUES (73, 14, 13, 10, 1);
INSERT INTO Buyu.level_gift_cfg (id, level, gift_type, gift_count, once) VALUES (74, 15, 13, 10, 1);
INSERT INTO Buyu.level_gift_cfg (id, level, gift_type, gift_count, once) VALUES (75, 16, 13, 10, 1);
INSERT INTO Buyu.level_gift_cfg (id, level, gift_type, gift_count, once) VALUES (76, 17, 13, 10, 1);
INSERT INTO Buyu.level_gift_cfg (id, level, gift_type, gift_count, once) VALUES (77, 18, 13, 10, 1);
INSERT INTO Buyu.level_gift_cfg (id, level, gift_type, gift_count, once) VALUES (78, 19, 13, 10, 1);
INSERT INTO Buyu.level_gift_cfg (id, level, gift_type, gift_count, once) VALUES (79, 20, 13, 10, 1);
INSERT INTO Buyu.level_gift_cfg (id, level, gift_type, gift_count, once) VALUES (80, 21, 13, 10, 1);
INSERT INTO Buyu.level_gift_cfg (id, level, gift_type, gift_count, once) VALUES (81, 22, 13, 10, 1);
INSERT INTO Buyu.level_gift_cfg (id, level, gift_type, gift_count, once) VALUES (82, 23, 13, 10, 1);
INSERT INTO Buyu.level_gift_cfg (id, level, gift_type, gift_count, once) VALUES (83, 24, 13, 10, 1);
INSERT INTO Buyu.level_gift_cfg (id, level, gift_type, gift_count, once) VALUES (84, 25, 13, 10, 1);
INSERT INTO Buyu.level_gift_cfg (id, level, gift_type, gift_count, once) VALUES (85, 26, 13, 15, 1);
INSERT INTO Buyu.level_gift_cfg (id, level, gift_type, gift_count, once) VALUES (86, 27, 13, 15, 1);
INSERT INTO Buyu.level_gift_cfg (id, level, gift_type, gift_count, once) VALUES (87, 28, 13, 15, 1);
INSERT INTO Buyu.level_gift_cfg (id, level, gift_type, gift_count, once) VALUES (88, 29, 13, 15, 1);
INSERT INTO Buyu.level_gift_cfg (id, level, gift_type, gift_count, once) VALUES (89, 30, 13, 15, 1);
INSERT INTO Buyu.level_gift_cfg (id, level, gift_type, gift_count, once) VALUES (90, 31, 13, 15, 1);
INSERT INTO Buyu.level_gift_cfg (id, level, gift_type, gift_count, once) VALUES (91, 32, 13, 15, 1);
INSERT INTO Buyu.level_gift_cfg (id, level, gift_type, gift_count, once) VALUES (92, 33, 13, 15, 1);
INSERT INTO Buyu.level_gift_cfg (id, level, gift_type, gift_count, once) VALUES (93, 34, 13, 15, 1);
INSERT INTO Buyu.level_gift_cfg (id, level, gift_type, gift_count, once) VALUES (94, 35, 13, 15, 1);
INSERT INTO Buyu.level_gift_cfg (id, level, gift_type, gift_count, once) VALUES (95, 36, 13, 15, 1);
INSERT INTO Buyu.level_gift_cfg (id, level, gift_type, gift_count, once) VALUES (96, 37, 13, 15, 1);
INSERT INTO Buyu.level_gift_cfg (id, level, gift_type, gift_count, once) VALUES (97, 38, 13, 15, 1);
INSERT INTO Buyu.level_gift_cfg (id, level, gift_type, gift_count, once) VALUES (98, 39, 13, 15, 1);
INSERT INTO Buyu.level_gift_cfg (id, level, gift_type, gift_count, once) VALUES (99, 40, 13, 15, 1);
INSERT INTO Buyu.level_gift_cfg (id, level, gift_type, gift_count, once) VALUES (100, 41, 13, 15, 1);
INSERT INTO Buyu.level_gift_cfg (id, level, gift_type, gift_count, once) VALUES (101, 42, 13, 15, 1);
INSERT INTO Buyu.level_gift_cfg (id, level, gift_type, gift_count, once) VALUES (102, 43, 13, 15, 1);
INSERT INTO Buyu.level_gift_cfg (id, level, gift_type, gift_count, once) VALUES (103, 44, 13, 15, 1);
INSERT INTO Buyu.level_gift_cfg (id, level, gift_type, gift_count, once) VALUES (104, 45, 13, 20, 1);
INSERT INTO Buyu.level_gift_cfg (id, level, gift_type, gift_count, once) VALUES (105, 46, 13, 20, 1);
INSERT INTO Buyu.level_gift_cfg (id, level, gift_type, gift_count, once) VALUES (106, 47, 13, 20, 1);
INSERT INTO Buyu.level_gift_cfg (id, level, gift_type, gift_count, once) VALUES (107, 48, 13, 20, 1);
INSERT INTO Buyu.level_gift_cfg (id, level, gift_type, gift_count, once) VALUES (108, 49, 13, 20, 1);
INSERT INTO Buyu.level_gift_cfg (id, level, gift_type, gift_count, once) VALUES (109, 50, 13, 20, 1);
INSERT INTO Buyu.level_gift_cfg (id, level, gift_type, gift_count, once) VALUES (110, 51, 13, 20, 1);
INSERT INTO Buyu.level_gift_cfg (id, level, gift_type, gift_count, once) VALUES (111, 52, 13, 20, 1);
INSERT INTO Buyu.level_gift_cfg (id, level, gift_type, gift_count, once) VALUES (112, 53, 13, 20, 1);
INSERT INTO Buyu.level_gift_cfg (id, level, gift_type, gift_count, once) VALUES (113, 54, 13, 20, 1);
INSERT INTO Buyu.level_gift_cfg (id, level, gift_type, gift_count, once) VALUES (114, 55, 13, 20, 1);
INSERT INTO Buyu.level_gift_cfg (id, level, gift_type, gift_count, once) VALUES (115, 56, 13, 20, 1);
INSERT INTO Buyu.level_gift_cfg (id, level, gift_type, gift_count, once) VALUES (116, 57, 13, 20, 1);
INSERT INTO Buyu.level_gift_cfg (id, level, gift_type, gift_count, once) VALUES (117, 58, 13, 20, 1);
INSERT INTO Buyu.level_gift_cfg (id, level, gift_type, gift_count, once) VALUES (118, 59, 13, 20, 1);
INSERT INTO Buyu.level_gift_cfg (id, level, gift_type, gift_count, once) VALUES (119, 60, 13, 20, 1);
INSERT INTO Buyu.level_gift_cfg (id, level, gift_type, gift_count, once) VALUES (120, 2, 15, 1, 1);
INSERT INTO Buyu.level_gift_cfg (id, level, gift_type, gift_count, once) VALUES (121, 6, 15, 5, 1);
INSERT INTO Buyu.level_gift_cfg (id, level, gift_type, gift_count, once) VALUES (122, 8, 15, 2, 1);
INSERT INTO Buyu.level_gift_cfg (id, level, gift_type, gift_count, once) VALUES (123, 10, 15, 2, 1);
INSERT INTO Buyu.level_gift_cfg (id, level, gift_type, gift_count, once) VALUES (124, 12, 15, 3, 1);
INSERT INTO Buyu.level_gift_cfg (id, level, gift_type, gift_count, once) VALUES (125, 14, 15, 3, 1);
INSERT INTO Buyu.level_gift_cfg (id, level, gift_type, gift_count, once) VALUES (126, 16, 15, 4, 1);
INSERT INTO Buyu.level_gift_cfg (id, level, gift_type, gift_count, once) VALUES (127, 18, 15, 4, 1);
INSERT INTO Buyu.level_gift_cfg (id, level, gift_type, gift_count, once) VALUES (128, 20, 15, 5, 1);
INSERT INTO Buyu.level_gift_cfg (id, level, gift_type, gift_count, once) VALUES (129, 22, 15, 5, 1);
INSERT INTO Buyu.level_gift_cfg (id, level, gift_type, gift_count, once) VALUES (130, 24, 15, 6, 1);
INSERT INTO Buyu.level_gift_cfg (id, level, gift_type, gift_count, once) VALUES (131, 26, 15, 6, 1);
INSERT INTO Buyu.level_gift_cfg (id, level, gift_type, gift_count, once) VALUES (132, 28, 15, 7, 1);
INSERT INTO Buyu.level_gift_cfg (id, level, gift_type, gift_count, once) VALUES (133, 30, 15, 7, 1);
INSERT INTO Buyu.level_gift_cfg (id, level, gift_type, gift_count, once) VALUES (134, 32, 15, 8, 1);
INSERT INTO Buyu.level_gift_cfg (id, level, gift_type, gift_count, once) VALUES (135, 34, 15, 8, 1);
INSERT INTO Buyu.level_gift_cfg (id, level, gift_type, gift_count, once) VALUES (136, 36, 15, 9, 1);
INSERT INTO Buyu.level_gift_cfg (id, level, gift_type, gift_count, once) VALUES (137, 38, 15, 9, 1);
INSERT INTO Buyu.level_gift_cfg (id, level, gift_type, gift_count, once) VALUES (138, 40, 15, 10, 1);
INSERT INTO Buyu.level_gift_cfg (id, level, gift_type, gift_count, once) VALUES (139, 42, 15, 10, 1);
INSERT INTO Buyu.level_gift_cfg (id, level, gift_type, gift_count, once) VALUES (140, 44, 15, 10, 1);
INSERT INTO Buyu.level_gift_cfg (id, level, gift_type, gift_count, once) VALUES (141, 46, 15, 10, 1);
INSERT INTO Buyu.level_gift_cfg (id, level, gift_type, gift_count, once) VALUES (142, 48, 15, 10, 1);
INSERT INTO Buyu.level_gift_cfg (id, level, gift_type, gift_count, once) VALUES (143, 50, 15, 10, 1);
INSERT INTO Buyu.level_gift_cfg (id, level, gift_type, gift_count, once) VALUES (144, 52, 15, 10, 1);
INSERT INTO Buyu.level_gift_cfg (id, level, gift_type, gift_count, once) VALUES (145, 54, 15, 10, 1);
INSERT INTO Buyu.level_gift_cfg (id, level, gift_type, gift_count, once) VALUES (146, 56, 15, 10, 1);
INSERT INTO Buyu.level_gift_cfg (id, level, gift_type, gift_count, once) VALUES (147, 58, 15, 10, 1);
INSERT INTO Buyu.level_gift_cfg (id, level, gift_type, gift_count, once) VALUES (148, 60, 15, 10, 1);
INSERT INTO Buyu.level_gift_cfg (id, level, gift_type, gift_count, once) VALUES (149, 3, 16, 1, 1);
INSERT INTO Buyu.level_gift_cfg (id, level, gift_type, gift_count, once) VALUES (150, 4, 16, 5, 1);
INSERT INTO Buyu.level_gift_cfg (id, level, gift_type, gift_count, once) VALUES (151, 5, 16, 1, 1);
INSERT INTO Buyu.level_gift_cfg (id, level, gift_type, gift_count, once) VALUES (152, 7, 16, 2, 1);
INSERT INTO Buyu.level_gift_cfg (id, level, gift_type, gift_count, once) VALUES (153, 9, 16, 2, 1);
INSERT INTO Buyu.level_gift_cfg (id, level, gift_type, gift_count, once) VALUES (154, 11, 16, 3, 1);
INSERT INTO Buyu.level_gift_cfg (id, level, gift_type, gift_count, once) VALUES (155, 13, 16, 3, 1);
INSERT INTO Buyu.level_gift_cfg (id, level, gift_type, gift_count, once) VALUES (156, 15, 16, 4, 1);
INSERT INTO Buyu.level_gift_cfg (id, level, gift_type, gift_count, once) VALUES (157, 17, 16, 4, 1);
INSERT INTO Buyu.level_gift_cfg (id, level, gift_type, gift_count, once) VALUES (158, 19, 16, 5, 1);
INSERT INTO Buyu.level_gift_cfg (id, level, gift_type, gift_count, once) VALUES (159, 21, 16, 5, 1);
INSERT INTO Buyu.level_gift_cfg (id, level, gift_type, gift_count, once) VALUES (160, 23, 16, 6, 1);
INSERT INTO Buyu.level_gift_cfg (id, level, gift_type, gift_count, once) VALUES (161, 25, 16, 6, 1);
INSERT INTO Buyu.level_gift_cfg (id, level, gift_type, gift_count, once) VALUES (162, 27, 16, 7, 1);
INSERT INTO Buyu.level_gift_cfg (id, level, gift_type, gift_count, once) VALUES (163, 29, 16, 7, 1);
INSERT INTO Buyu.level_gift_cfg (id, level, gift_type, gift_count, once) VALUES (164, 31, 16, 8, 1);
INSERT INTO Buyu.level_gift_cfg (id, level, gift_type, gift_count, once) VALUES (165, 33, 16, 8, 1);
INSERT INTO Buyu.level_gift_cfg (id, level, gift_type, gift_count, once) VALUES (166, 35, 16, 9, 1);
INSERT INTO Buyu.level_gift_cfg (id, level, gift_type, gift_count, once) VALUES (167, 37, 16, 9, 1);
INSERT INTO Buyu.level_gift_cfg (id, level, gift_type, gift_count, once) VALUES (168, 39, 16, 10, 1);
INSERT INTO Buyu.level_gift_cfg (id, level, gift_type, gift_count, once) VALUES (169, 41, 16, 10, 1);
INSERT INTO Buyu.level_gift_cfg (id, level, gift_type, gift_count, once) VALUES (170, 43, 16, 10, 1);
INSERT INTO Buyu.level_gift_cfg (id, level, gift_type, gift_count, once) VALUES (171, 45, 16, 10, 1);
INSERT INTO Buyu.level_gift_cfg (id, level, gift_type, gift_count, once) VALUES (172, 47, 16, 10, 1);
INSERT INTO Buyu.level_gift_cfg (id, level, gift_type, gift_count, once) VALUES (173, 49, 16, 10, 1);
INSERT INTO Buyu.level_gift_cfg (id, level, gift_type, gift_count, once) VALUES (174, 51, 16, 10, 1);
INSERT INTO Buyu.level_gift_cfg (id, level, gift_type, gift_count, once) VALUES (175, 53, 16, 10, 1);
INSERT INTO Buyu.level_gift_cfg (id, level, gift_type, gift_count, once) VALUES (176, 55, 16, 10, 1);
INSERT INTO Buyu.level_gift_cfg (id, level, gift_type, gift_count, once) VALUES (177, 57, 16, 10, 1);
INSERT INTO Buyu.level_gift_cfg (id, level, gift_type, gift_count, once) VALUES (178, 59, 16, 10, 1);

INSERT INTO Buyu.lzdb_points_cfg (id, p_type, p_count, r_point) VALUES (1, 0, 100, 1);
INSERT INTO Buyu.lzdb_points_cfg (id, p_type, p_count, r_point) VALUES (2, 1, 1, 1);
INSERT INTO Buyu.lzdb_points_cfg (id, p_type, p_count, r_point) VALUES (3, 2, 1, 10);
INSERT INTO Buyu.lzdb_points_cfg (id, p_type, p_count, r_point) VALUES (4, 3, 1, 100);

INSERT INTO Buyu.lzdb_reward_cfg (id, r_points, r_type, r_cnt, p_type, relate_id) VALUES (1, 5, 10, 1000, 1, 8);
INSERT INTO Buyu.lzdb_reward_cfg (id, r_points, r_type, r_cnt, p_type, relate_id) VALUES (2, 10, 10, 2000, 1, 9);
INSERT INTO Buyu.lzdb_reward_cfg (id, r_points, r_type, r_cnt, p_type, relate_id) VALUES (3, 50, 10, 5000, 1, 10);
INSERT INTO Buyu.lzdb_reward_cfg (id, r_points, r_type, r_cnt, p_type, relate_id) VALUES (4, 100, 10, 10000, 1, 11);
INSERT INTO Buyu.lzdb_reward_cfg (id, r_points, r_type, r_cnt, p_type, relate_id) VALUES (5, 500, 10, 20000, 1, 12);
INSERT INTO Buyu.lzdb_reward_cfg (id, r_points, r_type, r_cnt, p_type, relate_id) VALUES (6, 1000, 10, 50000, 1, 13);
INSERT INTO Buyu.lzdb_reward_cfg (id, r_points, r_type, r_cnt, p_type, relate_id) VALUES (7, 5000, 10, 100000, 1, 14);
INSERT INTO Buyu.lzdb_reward_cfg (id, r_points, r_type, r_cnt, p_type, relate_id) VALUES (8, 200, 10, 1000, 2, 1);
INSERT INTO Buyu.lzdb_reward_cfg (id, r_points, r_type, r_cnt, p_type, relate_id) VALUES (9, 500, 10, 2500, 2, 2);
INSERT INTO Buyu.lzdb_reward_cfg (id, r_points, r_type, r_cnt, p_type, relate_id) VALUES (10, 2000, 10, 5000, 2, 3);
INSERT INTO Buyu.lzdb_reward_cfg (id, r_points, r_type, r_cnt, p_type, relate_id) VALUES (11, 5000, 10, 10000, 2, 4);
INSERT INTO Buyu.lzdb_reward_cfg (id, r_points, r_type, r_cnt, p_type, relate_id) VALUES (12, 20000, 10, 20000, 2, 5);
INSERT INTO Buyu.lzdb_reward_cfg (id, r_points, r_type, r_cnt, p_type, relate_id) VALUES (13, 50000, 10, 50000, 2, 6);
INSERT INTO Buyu.lzdb_reward_cfg (id, r_points, r_type, r_cnt, p_type, relate_id) VALUES (14, 200000, 10, 200000, 2, 7);

INSERT INTO Buyu.mergepercent_cfg (cnt, percent) VALUES (1, 9);
INSERT INTO Buyu.mergepercent_cfg (cnt, percent) VALUES (2, 18);
INSERT INTO Buyu.mergepercent_cfg (cnt, percent) VALUES (3, 27);
INSERT INTO Buyu.mergepercent_cfg (cnt, percent) VALUES (4, 36);
INSERT INTO Buyu.mergepercent_cfg (cnt, percent) VALUES (5, 45);
INSERT INTO Buyu.mergepercent_cfg (cnt, percent) VALUES (6, 55);
INSERT INTO Buyu.mergepercent_cfg (cnt, percent) VALUES (7, 65);
INSERT INTO Buyu.mergepercent_cfg (cnt, percent) VALUES (8, 75);
INSERT INTO Buyu.mergepercent_cfg (cnt, percent) VALUES (9, 85);
INSERT INTO Buyu.mergepercent_cfg (cnt, percent) VALUES (10, 100);

INSERT INTO Buyu.newer7_cfg (day, coin) VALUES (1, 1500);
INSERT INTO Buyu.newer7_cfg (day, coin) VALUES (2, 2000);
INSERT INTO Buyu.newer7_cfg (day, coin) VALUES (3, 2000);
INSERT INTO Buyu.newer7_cfg (day, coin) VALUES (4, 1500);
INSERT INTO Buyu.newer7_cfg (day, coin) VALUES (5, 2000);
INSERT INTO Buyu.newer7_cfg (day, coin) VALUES (6, 1500);
INSERT INTO Buyu.newer7_cfg (day, coin) VALUES (7, 2000);
INSERT INTO Buyu.newer7_cfg (day, coin) VALUES (8, 4000);
INSERT INTO Buyu.newer7_cfg (day, coin) VALUES (9, 4000);
INSERT INTO Buyu.newer7_cfg (day, coin) VALUES (10, 6000);
INSERT INTO Buyu.newer7_cfg (day, coin) VALUES (11, 6000);
INSERT INTO Buyu.newer7_cfg (day, coin) VALUES (12, 6000);
INSERT INTO Buyu.newer7_cfg (day, coin) VALUES (13, 8000);
INSERT INTO Buyu.newer7_cfg (day, coin) VALUES (14, 8000);

INSERT INTO Buyu.online_reward_cfg (id, tm, reward, valid, update_time) VALUES (1, 60, 400, 1, '2019-06-18 11:54:58');
INSERT INTO Buyu.online_reward_cfg (id, tm, reward, valid, update_time) VALUES (2, 300, 600, 1, '2019-06-18 11:55:00');
INSERT INTO Buyu.online_reward_cfg (id, tm, reward, valid, update_time) VALUES (3, 600, 800, 1, '2019-06-18 11:55:03');
INSERT INTO Buyu.online_reward_cfg (id, tm, reward, valid, update_time) VALUES (4, 900, 1000, 1, '2019-06-18 11:55:08');
INSERT INTO Buyu.online_reward_cfg (id, tm, reward, valid, update_time) VALUES (5, 1200, 1200, 1, '2019-06-18 11:55:10');
INSERT INTO Buyu.online_reward_cfg (id, tm, reward, valid, update_time) VALUES (6, 1800, 1400, 1, '2019-06-18 11:55:13');

INSERT INTO Buyu.props_cfg (id, type, coin, diamond, duration, times_per_day) VALUES (1, 15, 0, 8, 15, 0);
INSERT INTO Buyu.props_cfg (id, type, coin, diamond, duration, times_per_day) VALUES (2, 16, 0, 3, 30, 0);
INSERT INTO Buyu.props_cfg (id, type, coin, diamond, duration, times_per_day) VALUES (3, 17, 0, 2, 30, 0);
INSERT INTO Buyu.props_cfg (id, type, coin, diamond, duration, times_per_day) VALUES (4, 18, 0, 2, 30, 0);
INSERT INTO Buyu.props_cfg (id, type, coin, diamond, duration, times_per_day) VALUES (5, 12, 0, 75, 120, 0);
INSERT INTO Buyu.props_cfg (id, type, coin, diamond, duration, times_per_day) VALUES (6, 19, 0, 50, 0, 0);
INSERT INTO Buyu.props_cfg (id, type, coin, diamond, duration, times_per_day) VALUES (7, 44, 0, 20, 0, 0);

INSERT INTO Buyu.rank_rewards_cfg (num, rewards) VALUES (1, 50000);
INSERT INTO Buyu.rank_rewards_cfg (num, rewards) VALUES (2, 30000);
INSERT INTO Buyu.rank_rewards_cfg (num, rewards) VALUES (3, 20000);
INSERT INTO Buyu.rank_rewards_cfg (num, rewards) VALUES (4, 10000);
INSERT INTO Buyu.rank_rewards_cfg (num, rewards) VALUES (5, 10000);
INSERT INTO Buyu.rank_rewards_cfg (num, rewards) VALUES (6, 10000);
INSERT INTO Buyu.rank_rewards_cfg (num, rewards) VALUES (7, 10000);
INSERT INTO Buyu.rank_rewards_cfg (num, rewards) VALUES (8, 10000);
INSERT INTO Buyu.rank_rewards_cfg (num, rewards) VALUES (9, 10000);
INSERT INTO Buyu.rank_rewards_cfg (num, rewards) VALUES (10, 10000);

INSERT INTO Buyu.sub_act_cfg (activity_id, sub_id, level, total_cnt, sub_title, sub_content) VALUES (7, 0, 0, 0, '更新公告', '最新更新\\n8月14日更新\\n1.修复渔乐部分问题\\n2.游戏内新增渔乐入口\\n3.优化加减炮\\n4.版本更新补偿：5ge8w5\\n（8800金币、100钻石 有限期至8月21日）\\n\\n\\n历史更新\\n1.新版渔乐火热上线\\n2.鱼塘收获提示优化\\n3.版本更新补偿：tb497z\\n（8800金币、100钻石 有限期至8月13日）\\n\\n1.开启鱼塘玩法，丰富渔货奖励等你拿\\n2.龙珠场红包玩法调整\\n3.调整游戏商城商品价格\\n4.游戏内新增电磁炮和钻头炮玩法\\n5.VIP奖励机制修改，VIP每日免费金币整合为VIP每日礼包，玩家可以在商城中购买\\n6.VIP每日礼包每日限购一个\\n7.电磁炮与钻头炮难度降低，优化奖励方式\\n');
INSERT INTO Buyu.sub_act_cfg (activity_id, sub_id, level, total_cnt, sub_title, sub_content) VALUES (4, 1, 5, 6380, '', '');
INSERT INTO Buyu.sub_act_cfg (activity_id, sub_id, level, total_cnt, sub_title, sub_content) VALUES (5, 1, 100, 6611, '', '');
INSERT INTO Buyu.sub_act_cfg (activity_id, sub_id, level, total_cnt, sub_title, sub_content) VALUES (6, 1, 0, 990101, '', '');
INSERT INTO Buyu.sub_act_cfg (activity_id, sub_id, level, total_cnt, sub_title, sub_content) VALUES (9, 1, 0, 99999537, '', '');
INSERT INTO Buyu.sub_act_cfg (activity_id, sub_id, level, total_cnt, sub_title, sub_content) VALUES (12, 1, 10000, -1, null, null);
INSERT INTO Buyu.sub_act_cfg (activity_id, sub_id, level, total_cnt, sub_title, sub_content) VALUES (4, 2, 10, 6715, '', '');
INSERT INTO Buyu.sub_act_cfg (activity_id, sub_id, level, total_cnt, sub_title, sub_content) VALUES (5, 2, 200, 7200, '', '');
INSERT INTO Buyu.sub_act_cfg (activity_id, sub_id, level, total_cnt, sub_title, sub_content) VALUES (12, 2, 50000, -1, null, null);
INSERT INTO Buyu.sub_act_cfg (activity_id, sub_id, level, total_cnt, sub_title, sub_content) VALUES (4, 3, 15, 7446, '', '');
INSERT INTO Buyu.sub_act_cfg (activity_id, sub_id, level, total_cnt, sub_title, sub_content) VALUES (5, 3, 300, 7642, '', '');
INSERT INTO Buyu.sub_act_cfg (activity_id, sub_id, level, total_cnt, sub_title, sub_content) VALUES (12, 3, 100000, -1, null, null);
INSERT INTO Buyu.sub_act_cfg (activity_id, sub_id, level, total_cnt, sub_title, sub_content) VALUES (4, 4, 20, 7852, '', '');
INSERT INTO Buyu.sub_act_cfg (activity_id, sub_id, level, total_cnt, sub_title, sub_content) VALUES (5, 4, 400, 7975, '', '');
INSERT INTO Buyu.sub_act_cfg (activity_id, sub_id, level, total_cnt, sub_title, sub_content) VALUES (12, 4, 500000, -1, null, null);
INSERT INTO Buyu.sub_act_cfg (activity_id, sub_id, level, total_cnt, sub_title, sub_content) VALUES (4, 5, 25, 9125, '', '');
INSERT INTO Buyu.sub_act_cfg (activity_id, sub_id, level, total_cnt, sub_title, sub_content) VALUES (5, 5, 500, 8244, '', '');
INSERT INTO Buyu.sub_act_cfg (activity_id, sub_id, level, total_cnt, sub_title, sub_content) VALUES (12, 5, 1000000, -1, null, null);
INSERT INTO Buyu.sub_act_cfg (activity_id, sub_id, level, total_cnt, sub_title, sub_content) VALUES (4, 6, 30, 9409, '', '');
INSERT INTO Buyu.sub_act_cfg (activity_id, sub_id, level, total_cnt, sub_title, sub_content) VALUES (12, 6, 5000000, -1, null, null);
INSERT INTO Buyu.sub_act_cfg (activity_id, sub_id, level, total_cnt, sub_title, sub_content) VALUES (12, 7, 10000000, -1, null, null);
INSERT INTO Buyu.sub_act_cfg (activity_id, sub_id, level, total_cnt, sub_title, sub_content) VALUES (12, 8, 50000000, -1, null, null);

INSERT INTO Buyu.sub_act_gift (sub_id, activity_id, gift_type, gift_count) VALUES (1, 4, 10, 500);
INSERT INTO Buyu.sub_act_gift (sub_id, activity_id, gift_type, gift_count) VALUES (1, 4, 13, 5);
INSERT INTO Buyu.sub_act_gift (sub_id, activity_id, gift_type, gift_count) VALUES (1, 5, 10, 500);
INSERT INTO Buyu.sub_act_gift (sub_id, activity_id, gift_type, gift_count) VALUES (1, 5, 16, 2);
INSERT INTO Buyu.sub_act_gift (sub_id, activity_id, gift_type, gift_count) VALUES (1, 6, 13, 10);
INSERT INTO Buyu.sub_act_gift (sub_id, activity_id, gift_type, gift_count) VALUES (1, 9, 19, 1);
INSERT INTO Buyu.sub_act_gift (sub_id, activity_id, gift_type, gift_count) VALUES (1, 11, 3, 10);
INSERT INTO Buyu.sub_act_gift (sub_id, activity_id, gift_type, gift_count) VALUES (1, 11, 10, 50000);
INSERT INTO Buyu.sub_act_gift (sub_id, activity_id, gift_type, gift_count) VALUES (1, 12, 10, 10000);
INSERT INTO Buyu.sub_act_gift (sub_id, activity_id, gift_type, gift_count) VALUES (2, 4, 10, 1000);
INSERT INTO Buyu.sub_act_gift (sub_id, activity_id, gift_type, gift_count) VALUES (2, 4, 13, 10);
INSERT INTO Buyu.sub_act_gift (sub_id, activity_id, gift_type, gift_count) VALUES (2, 5, 10, 1000);
INSERT INTO Buyu.sub_act_gift (sub_id, activity_id, gift_type, gift_count) VALUES (2, 5, 15, 1);
INSERT INTO Buyu.sub_act_gift (sub_id, activity_id, gift_type, gift_count) VALUES (2, 5, 16, 5);
INSERT INTO Buyu.sub_act_gift (sub_id, activity_id, gift_type, gift_count) VALUES (2, 11, 3, 5);
INSERT INTO Buyu.sub_act_gift (sub_id, activity_id, gift_type, gift_count) VALUES (2, 11, 10, 30000);
INSERT INTO Buyu.sub_act_gift (sub_id, activity_id, gift_type, gift_count) VALUES (2, 12, 10, 20000);
INSERT INTO Buyu.sub_act_gift (sub_id, activity_id, gift_type, gift_count) VALUES (3, 4, 10, 1500);
INSERT INTO Buyu.sub_act_gift (sub_id, activity_id, gift_type, gift_count) VALUES (3, 4, 13, 15);
INSERT INTO Buyu.sub_act_gift (sub_id, activity_id, gift_type, gift_count) VALUES (3, 5, 10, 1500);
INSERT INTO Buyu.sub_act_gift (sub_id, activity_id, gift_type, gift_count) VALUES (3, 5, 15, 2);
INSERT INTO Buyu.sub_act_gift (sub_id, activity_id, gift_type, gift_count) VALUES (3, 5, 16, 10);
INSERT INTO Buyu.sub_act_gift (sub_id, activity_id, gift_type, gift_count) VALUES (3, 11, 3, 3);
INSERT INTO Buyu.sub_act_gift (sub_id, activity_id, gift_type, gift_count) VALUES (3, 11, 10, 10000);
INSERT INTO Buyu.sub_act_gift (sub_id, activity_id, gift_type, gift_count) VALUES (3, 12, 10, 50000);
INSERT INTO Buyu.sub_act_gift (sub_id, activity_id, gift_type, gift_count) VALUES (4, 4, 10, 2000);
INSERT INTO Buyu.sub_act_gift (sub_id, activity_id, gift_type, gift_count) VALUES (4, 4, 13, 20);
INSERT INTO Buyu.sub_act_gift (sub_id, activity_id, gift_type, gift_count) VALUES (4, 5, 10, 2000);
INSERT INTO Buyu.sub_act_gift (sub_id, activity_id, gift_type, gift_count) VALUES (4, 5, 15, 3);
INSERT INTO Buyu.sub_act_gift (sub_id, activity_id, gift_type, gift_count) VALUES (4, 5, 16, 10);
INSERT INTO Buyu.sub_act_gift (sub_id, activity_id, gift_type, gift_count) VALUES (4, 11, 3, 1);
INSERT INTO Buyu.sub_act_gift (sub_id, activity_id, gift_type, gift_count) VALUES (4, 11, 10, 5000);
INSERT INTO Buyu.sub_act_gift (sub_id, activity_id, gift_type, gift_count) VALUES (4, 12, 10, 200000);
INSERT INTO Buyu.sub_act_gift (sub_id, activity_id, gift_type, gift_count) VALUES (5, 4, 13, 25);
INSERT INTO Buyu.sub_act_gift (sub_id, activity_id, gift_type, gift_count) VALUES (5, 4, 40, 20);
INSERT INTO Buyu.sub_act_gift (sub_id, activity_id, gift_type, gift_count) VALUES (5, 5, 10, 2500);
INSERT INTO Buyu.sub_act_gift (sub_id, activity_id, gift_type, gift_count) VALUES (5, 5, 15, 5);
INSERT INTO Buyu.sub_act_gift (sub_id, activity_id, gift_type, gift_count) VALUES (5, 5, 16, 10);
INSERT INTO Buyu.sub_act_gift (sub_id, activity_id, gift_type, gift_count) VALUES (5, 12, 10, 500000);
INSERT INTO Buyu.sub_act_gift (sub_id, activity_id, gift_type, gift_count) VALUES (6, 4, 13, 30);
INSERT INTO Buyu.sub_act_gift (sub_id, activity_id, gift_type, gift_count) VALUES (6, 4, 40, 30);
INSERT INTO Buyu.sub_act_gift (sub_id, activity_id, gift_type, gift_count) VALUES (6, 12, 10, 5000000);
INSERT INTO Buyu.sub_act_gift (sub_id, activity_id, gift_type, gift_count) VALUES (7, 12, 10, 10000000);
INSERT INTO Buyu.sub_act_gift (sub_id, activity_id, gift_type, gift_count) VALUES (8, 12, 10, 20000000);

INSERT INTO Buyu.tb_bonus (id, bonus, fee) VALUES (1, 10000000, 0);
INSERT INTO Buyu.tb_bonus (id, bonus, fee) VALUES (2, 15000000, 0);
INSERT INTO Buyu.tb_bonus (id, bonus, fee) VALUES (3, 20000000, 0);
INSERT INTO Buyu.tb_bonus (id, bonus, fee) VALUES (4, 30000000, 0);

INSERT INTO Buyu.transfer_cfg (id, limit_type, vip, level, money, maxcoin_level, maxcoin_vip, maxcoin_money) VALUES (1, 1, 0, 0, 0, 0, 10000000, 0);
INSERT INTO Buyu.transfer_cfg (id, limit_type, vip, level, money, maxcoin_level, maxcoin_vip, maxcoin_money) VALUES (2, 1, 1, 0, 0, 0, 20000000, 0);
INSERT INTO Buyu.transfer_cfg (id, limit_type, vip, level, money, maxcoin_level, maxcoin_vip, maxcoin_money) VALUES (3, 1, 2, 0, 0, 0, 30000000, 0);
INSERT INTO Buyu.transfer_cfg (id, limit_type, vip, level, money, maxcoin_level, maxcoin_vip, maxcoin_money) VALUES (4, 1, 3, 0, 0, 0, 40000000, 0);
INSERT INTO Buyu.transfer_cfg (id, limit_type, vip, level, money, maxcoin_level, maxcoin_vip, maxcoin_money) VALUES (5, 1, 4, 0, 0, 0, 50000000, 0);
INSERT INTO Buyu.transfer_cfg (id, limit_type, vip, level, money, maxcoin_level, maxcoin_vip, maxcoin_money) VALUES (6, 1, 5, 0, 0, 0, 60000000, 0);
INSERT INTO Buyu.transfer_cfg (id, limit_type, vip, level, money, maxcoin_level, maxcoin_vip, maxcoin_money) VALUES (7, 1, 6, 0, 0, 0, 80000000, 0);
INSERT INTO Buyu.transfer_cfg (id, limit_type, vip, level, money, maxcoin_level, maxcoin_vip, maxcoin_money) VALUES (8, 1, 7, 0, 0, 0, 100000000, 0);

INSERT INTO Buyu.user_cfg (id, wxid) VALUES (1, 101770);

INSERT INTO Buyu.userlevel_cfg (level, exp) VALUES (1, 10000);
INSERT INTO Buyu.userlevel_cfg (level, exp) VALUES (2, 30000);
INSERT INTO Buyu.userlevel_cfg (level, exp) VALUES (3, 50000);
INSERT INTO Buyu.userlevel_cfg (level, exp) VALUES (4, 100000);
INSERT INTO Buyu.userlevel_cfg (level, exp) VALUES (5, 150000);
INSERT INTO Buyu.userlevel_cfg (level, exp) VALUES (6, 200000);
INSERT INTO Buyu.userlevel_cfg (level, exp) VALUES (7, 250000);
INSERT INTO Buyu.userlevel_cfg (level, exp) VALUES (8, 300000);
INSERT INTO Buyu.userlevel_cfg (level, exp) VALUES (9, 350000);
INSERT INTO Buyu.userlevel_cfg (level, exp) VALUES (10, 400000);
INSERT INTO Buyu.userlevel_cfg (level, exp) VALUES (11, 450000);
INSERT INTO Buyu.userlevel_cfg (level, exp) VALUES (12, 500000);
INSERT INTO Buyu.userlevel_cfg (level, exp) VALUES (13, 1000000);
INSERT INTO Buyu.userlevel_cfg (level, exp) VALUES (14, 1500000);
INSERT INTO Buyu.userlevel_cfg (level, exp) VALUES (15, 2000000);
INSERT INTO Buyu.userlevel_cfg (level, exp) VALUES (16, 2500000);
INSERT INTO Buyu.userlevel_cfg (level, exp) VALUES (17, 3000000);
INSERT INTO Buyu.userlevel_cfg (level, exp) VALUES (18, 3500000);
INSERT INTO Buyu.userlevel_cfg (level, exp) VALUES (19, 4000000);
INSERT INTO Buyu.userlevel_cfg (level, exp) VALUES (20, 4500000);
INSERT INTO Buyu.userlevel_cfg (level, exp) VALUES (21, 5000000);
INSERT INTO Buyu.userlevel_cfg (level, exp) VALUES (22, 10000000);
INSERT INTO Buyu.userlevel_cfg (level, exp) VALUES (23, 15000000);
INSERT INTO Buyu.userlevel_cfg (level, exp) VALUES (24, 20000000);
INSERT INTO Buyu.userlevel_cfg (level, exp) VALUES (25, 25000000);
INSERT INTO Buyu.userlevel_cfg (level, exp) VALUES (26, 30000000);
INSERT INTO Buyu.userlevel_cfg (level, exp) VALUES (27, 35000000);
INSERT INTO Buyu.userlevel_cfg (level, exp) VALUES (28, 40000000);
INSERT INTO Buyu.userlevel_cfg (level, exp) VALUES (29, 45000000);
INSERT INTO Buyu.userlevel_cfg (level, exp) VALUES (30, 50000000);
INSERT INTO Buyu.userlevel_cfg (level, exp) VALUES (31, 100000000);
INSERT INTO Buyu.userlevel_cfg (level, exp) VALUES (32, 150000000);
INSERT INTO Buyu.userlevel_cfg (level, exp) VALUES (33, 200000000);
INSERT INTO Buyu.userlevel_cfg (level, exp) VALUES (34, 250000000);
INSERT INTO Buyu.userlevel_cfg (level, exp) VALUES (35, 300000000);
INSERT INTO Buyu.userlevel_cfg (level, exp) VALUES (36, 350000000);
INSERT INTO Buyu.userlevel_cfg (level, exp) VALUES (37, 400000000);
INSERT INTO Buyu.userlevel_cfg (level, exp) VALUES (38, 450000000);
INSERT INTO Buyu.userlevel_cfg (level, exp) VALUES (39, 500000000);
INSERT INTO Buyu.userlevel_cfg (level, exp) VALUES (40, 1000000000);
INSERT INTO Buyu.userlevel_cfg (level, exp) VALUES (41, 1500000000);
INSERT INTO Buyu.userlevel_cfg (level, exp) VALUES (42, 2000000000);
INSERT INTO Buyu.userlevel_cfg (level, exp) VALUES (43, 2500000000);
INSERT INTO Buyu.userlevel_cfg (level, exp) VALUES (44, 3000000000);
INSERT INTO Buyu.userlevel_cfg (level, exp) VALUES (45, 3500000000);
INSERT INTO Buyu.userlevel_cfg (level, exp) VALUES (46, 4000000000);
INSERT INTO Buyu.userlevel_cfg (level, exp) VALUES (47, 4500000000);
INSERT INTO Buyu.userlevel_cfg (level, exp) VALUES (48, 5000000000);
INSERT INTO Buyu.userlevel_cfg (level, exp) VALUES (49, 10000000000);
INSERT INTO Buyu.userlevel_cfg (level, exp) VALUES (50, 15000000000);
INSERT INTO Buyu.userlevel_cfg (level, exp) VALUES (51, 20000000000);
INSERT INTO Buyu.userlevel_cfg (level, exp) VALUES (52, 25000000000);
INSERT INTO Buyu.userlevel_cfg (level, exp) VALUES (53, 30000000000);
INSERT INTO Buyu.userlevel_cfg (level, exp) VALUES (54, 35000000000);
INSERT INTO Buyu.userlevel_cfg (level, exp) VALUES (55, 40000000000);
INSERT INTO Buyu.userlevel_cfg (level, exp) VALUES (56, 45000000000);
INSERT INTO Buyu.userlevel_cfg (level, exp) VALUES (57, 50000000000);
INSERT INTO Buyu.userlevel_cfg (level, exp) VALUES (58, 100000000000);
INSERT INTO Buyu.userlevel_cfg (level, exp) VALUES (59, 150000000000);
INSERT INTO Buyu.userlevel_cfg (level, exp) VALUES (60, 200000000000);

